,ENSG00000174059,ENSG00000138722,ENSG00000113657,ENSG00000105810,ENSG00000104341,ENSG00000196139,ENSG00000128805,ENSG00000134531,ENSG00000120833,ENSG00000205978,ENSG00000277988,ENSG00000261633,ENSG00000095932,ENSG00000088882,ENSG00000088305,ENSG00000130584,ENSG00000238049
01H001,1.566791048534977,4.240824486913843,1.019150668761632,3.510024018655427,0.7403088481857445,0.2187094210098544,2.0425543249541307,3.225413700475983,4.000464939266468,1.3186665076462822,0.0,0.0,0.4535304921723724,1.7930486294712538,1.1805805863045196,0.5679289406053449,0.0
02H003,4.864337141220788,3.205239766670015,4.082483118198573,4.063762301609889,2.0858714536224237,0.8443825930059864,1.4126199003885123,2.770819731864804,2.509639305370953,1.7287455614890184,0.0,0.0,4.959945418124038,5.787338722358695,2.5045171748413666,2.3017220931372577,0.0
02H009,1.8127552317540585,3.3743515753620463,1.1655820818501852,4.332494218658154,5.465767067663708,0.5089111111451645,3.2135444019797426,1.9876927451601167,3.4694486899590844,2.6244170455373856,0.0,0.27409482224462856,4.619682845206987,5.799918824220795,3.4588087981150104,1.608140541747411,0.12296281333132224
02H017,0.9660588121685142,0.7524423840249121,2.531768418323052,4.608262186891908,4.171875228223536,0.031129903916646995,2.5548030385118703,1.208089114177399,4.47711303074512,3.0304774475281775,0.0,0.0,4.7945559954171,6.481381821896637,2.9389082702060945,1.672987502599596,0.0
02H026,0.251955440454045,0.17095793437267714,0.10654940289438287,2.921845442638125,3.009056508487279,0.13165459572668076,0.5455445546189885,2.147623293014742,1.3994966879472954,0.9785367410283058,0.0,0.0,2.5507526768059403,2.4805631147582035,1.7020314223547284,0.7432894923799815,0.0
02H033,0.5077406783561209,0.7258484862996681,1.3547945197034343,3.034433147991468,2.620842274587621,0.1712596152484432,1.1238431007020628,3.0143314665058574,0.9884304928955557,1.8364353949075611,0.0,0.0,2.1900453540426246,4.268288488250832,1.5983291216971784,0.5328452147918437,0.0
02H053,0.050404982422399595,0.06791856939791982,2.6884571596607625,4.284523403706581,2.54472201251568,0.4372024136871669,2.791311585207302,3.118443650160646,2.614866461779762,1.0696704245570965,0.0,0.0,5.152041181034299,5.574025906216589,2.9342790942623305,1.658208792099148,0.0
02H066,1.4689042530561516,2.0903132465583742,0.7138849900521858,4.349456467474293,5.572154168676382,1.352938872717103,3.6040730607211033,1.1713323401763325,3.6750836395545385,2.4140173231277315,0.1039459497747971,0.21078361705250462,5.802439163039624,5.760109449432736,4.02875137488956,2.503464776128259,0.28106078682635993
03H016,0.5339595351276979,1.0892821419296237,1.3133456959525278,3.1731576504471644,2.2089426969424353,0.21319824366141468,1.7875091512828367,3.0995434465492275,1.879751467696969,1.3328752957421999,0.0,0.06230755975938166,2.4210514497116757,4.194974346286485,2.0423818477373694,1.0565876778694312,0.0
03H022,4.198235516278614,2.9498926167379373,1.0990082114567665,3.8807025069445564,4.21949763401887,0.42313907393910416,1.8798534386621681,4.955370909805936,1.120837303287474,2.9338583055415786,0.0,0.0,3.6616032403437035,4.269443905714433,3.3517131580511523,1.773058759490806,0.0
03H024,4.8442740715040555,2.3967848332961323,1.1194103107960922,4.227209716084819,4.467666699965831,0.9978443377765287,2.667011130561717,1.7197017971878716,1.7264321391690514,3.0390279680431167,0.0,0.1877191161143437,4.959736933244121,5.0518033988589,3.273699319835741,1.8888059294349109,0.0
03H028,3.9301821360835203,1.9243316145336917,0.08942941702428735,3.520154433653721,5.078728819952395,1.4559220706341887,1.826707700526879,0.5449358076870073,2.823979435203883,3.544776183068304,0.0,0.0,2.8728796772981275,6.351480603509718,2.9856263568534676,2.4903356010979847,0.3191033794131184
03H036,5.376952371164227,4.457541999918481,0.09777729217236959,4.596007437297781,3.165085280799315,1.3637142002391411,0.8146138158431321,3.0346235568497115,1.839600932919478,3.7910893757274398,0.0,0.3467475786016959,5.605987520093846,5.214375018131282,3.6072614020602525,2.850285650027249,0.0
03H041,3.816202254554715,2.383250233484372,1.1089079801850772,3.6786675813930754,0.9064640314282671,0.2236501938671639,1.7407300482585704,2.07553082787669,2.6965623655522357,2.6653567526401765,0.0,0.0,3.8649965296520463,4.873075522944713,3.1986753203260574,1.4592426931768991,0.0
03H052,1.2583463951854637,1.2922429177747012,0.548828561048311,3.1514574990165523,2.222132546189308,0.23449723056803995,1.325929913815359,2.5433954948887223,1.270212515346433,1.2388250072288771,0.0,0.0,2.6965978381589024,3.804208429612472,1.8272258470487366,0.6648806959828673,0.09666357958698217
03H060,3.7903550371055577,2.032252760669787,0.22339005325277464,3.4405680916386467,2.3756768923128595,0.5757903416441794,0.49073826157531486,2.278513402301391,1.880450130570486,1.0019009634587908,0.0,0.0,4.687826674837424,2.925681862249792,2.09509125169004,0.9108112147620864,0.0
03H065,6.342497045675275,0.8741319845707779,0.25015242058315823,4.965827355090994,2.843076973084386,1.4488992554103723,0.45478573003977174,4.228486824553838,3.9357331657170986,0.23782592447803474,0.0,0.0,4.250327733058462,5.537883572394664,1.9403226399207765,2.469870025931039,0.0
03H067,0.1611967923897538,0.6430982730088493,0.4722936058764413,3.915842875560157,3.475842651260576,0.04205243345570373,0.5387947116393402,3.5690434011787713,0.7685579658418958,1.7808970453192097,0.0,0.0,2.444546621744324,5.20879218956198,2.191929548328353,1.3076941726841291,0.0
03H081,5.5590696125496155,4.209903914703347,1.387673878486494,5.454073687272825,4.989797890729892,1.3626695286282144,2.4844312780759,3.5298365308385433,2.8261914470762646,2.845258982108659,0.0,0.26063293740643445,5.573920486714013,5.094439168602248,3.8310729962276806,2.778833964170216,0.0
03H090,0.6377812992444979,3.280076935403242,1.0081405118406022,4.199893814546164,4.255666723876647,0.8520716008651393,2.6693497557072816,0.6191829007171872,3.7338896573177243,1.4937558705621654,0.0,0.17166157303524107,5.963739593191313,6.011784392878381,3.985990631213951,2.1833811531492007,0.0
03H095,3.201588093590253,1.4709270861594752,1.8061576773758257,3.479644977642784,1.2945551782983578,0.2484559409872664,1.6290166175888983,3.9349293759446753,1.1308922225850588,0.7493806734441774,0.0,0.0684576801086178,3.487618611228132,3.9727316702504276,1.7678937445846747,0.9145055047326948,0.0
03H109,5.1339684870159,3.9792375178910175,4.421461142565805,4.347062401234824,1.000112550562249,1.2914600642267833,2.4291454898811695,5.354804870164483,2.117552236402605,1.7030771190978158,0.5536098708909974,0.0,5.14151493251753,5.081615707030081,1.2051093940772224,2.208603053382735,0.0
03H112,5.537113056438519,3.4049165930629854,3.7696416633909844,4.4111552279060735,1.7467579287661514,1.099882491384415,2.491162578848584,4.66909029943538,3.234084371883355,1.713492985927058,0.0,0.0,5.67761521043872,5.599745505088529,1.0679109130067943,1.1737389514022645,0.0
03H116,0.08539618920505623,0.8147095677154599,2.766121303028389,4.675314599181761,3.9828108430447697,1.106118507217165,3.5171301395930485,2.650509214744269,3.636438547034285,2.193993574372405,0.0,0.31447589221909805,5.214504770215945,6.224513355760258,4.103165421825399,3.032014167973621,0.0
03H119,5.750528794630264,0.9779558621049561,1.2511166764246733,4.596011835253195,2.396975887758846,0.5147952444294382,2.423670499323501,1.6888957727881397,2.9462079951773674,1.9831526697634216,0.1735425841529683,0.06546772226872409,5.3192401840035615,4.566108198194531,2.897411310017736,1.9078802398255361,0.0
04H024,2.433009066375536,2.7446077806791784,2.944288372865374,4.273378395234029,2.237741192781814,0.6077740794191739,2.5136438732996487,3.0603126517043537,0.6733234168556453,3.1399802376184986,0.0,0.1340821108127684,4.1319913175252845,5.606044531610047,3.375286846939454,2.2601681629678,0.0
04H025,4.6383602467005804,3.4370590989027203,0.7375962048630682,5.25544527578656,5.483419493813037,1.016327768603204,4.087015066776788,0.7814190743812803,3.338822565047183,3.598854339455298,0.0,0.7283843265773307,5.570796801917679,5.9132256716118885,3.892676503977983,2.365245879319354,0.0
04H030,5.533675932719387,3.3815853070397623,0.43948215396780055,4.348785003104091,0.7846575658044231,0.851971964777473,1.181787649170608,4.874354204991045,2.4116375933025984,2.3187970677338026,0.0916332940654442,0.0,5.43660294222946,5.573185296195348,1.5551232376734452,1.3022203822075045,0.0
04H039,0.7007005516913541,3.112900269887438,0.36897007319843006,3.2700828245473095,2.2346273537305192,1.194196921019952,1.5671357860494164,2.7612750448470544,2.256840604718366,2.368117747177438,0.0,0.0627305206909346,4.768856175075578,5.080900055704358,2.2696698783630005,1.119196805632971,0.0
04H041,0.1650678991071915,0.41738673705364554,0.8007753066823692,3.446496272941418,2.778764646467295,0.041434972142197185,0.5842163464761332,3.1748704286511984,0.3739245804944237,1.2274201611625672,0.0,0.0,2.444913122584452,3.082887291912739,1.6363541200696665,1.3446894804036136,0.14353187474219123
04H048,4.99238521028414,1.769585701127813,0.031110119870814062,5.6029199584038345,2.898884544480394,1.2593505273330918,0.18304683390990759,0.8982408168731466,1.6167127033435096,2.267363550403821,0.0,0.0,5.738881788348431,5.911924186844803,3.4719039749489617,2.0072445689397846,0.0
04H050,4.311162963070545,4.022058239719324,0.5034131275162999,3.7562669757072107,4.112421501526266,0.7656930893392015,1.4815039998177275,2.0372147710618593,1.9950746839844895,2.8969724612157366,0.0,0.18530881929200932,4.127019732835062,4.136581274833114,4.04485596607204,2.2081784652426495,0.0
04H061,5.120938697184431,2.471659783703707,1.9805833061688656,3.8116632417552414,0.536846115138882,0.6266393644346879,0.6960500063369144,5.056302216495102,1.735216065032729,1.8909013944693995,0.19222345062562135,0.0,5.033247311184764,5.286213826286696,0.8902185703142897,1.3464809012182255,0.0
04H063,5.551005963846241,3.622996454636784,0.7320696828696467,4.351615109634341,3.2018418619883833,0.9974923612894919,2.2960656903221275,3.888599296730028,2.278388992093491,3.1367780276731216,0.14140875615119053,0.6246870981297443,3.950432399330646,4.961424750011369,3.9673289349710643,2.6261490295294467,0.0
04H068,0.3889106986554303,1.1639472254652572,4.716481106651479,4.778321145841045,1.2044386977986798,0.8244499058781156,2.2147540315837047,4.016342011389051,0.5078702590715337,1.989062048409348,0.0,0.15976363543255329,4.994220665369991,4.5735989604208855,2.87559675562057,2.1372365870400842,0.0
04H078,4.132426565458855,2.9174345420255654,1.8959950149878848,4.807165943254039,3.1095730793300236,0.8616596956257303,2.2983263579473543,4.807677636635243,1.8022656086746631,2.1507038430355974,0.0,0.1849528252050637,4.774986816291027,5.5539104490290825,2.857570153081515,1.673470763319845,0.0
04H080,0.4042733296990767,0.22609794653719353,2.782549266832224,4.340435086926159,1.0556753792451414,0.18584973818185632,0.49978488514041747,5.488612156511392,0.588688603799271,1.0415138959870975,0.0,0.30687211064470604,1.955544470390633,2.9569037891695373,1.335927102582597,1.8130487956255776,0.0
04H091,4.000229090827896,2.4632864335105684,2.0948989415832666,3.4823248706973358,1.1105211587641852,0.41691161587861014,1.5933514791681487,3.448689371750296,1.4680350315124926,1.2534383648969156,0.0,0.0,4.086478073142709,4.3150411755578695,1.4838836180818158,1.2548791898391651,0.0
04H101,4.734718392799032,2.4146689660488843,2.7653131100839867,4.16986212783299,3.9720256619927925,0.6574944709385498,2.090726079949077,3.434936419180062,1.6638235309225338,2.334793141728989,0.0,0.0,4.133070072226292,4.418055372256733,3.182681920555406,1.4934481860698838,0.0
04H103,6.256573963500236,3.889819998037263,4.481587722675672,5.031602160201446,4.418061150083248,1.2664498086582492,3.189639969429271,2.6998328689054123,3.102910170109396,4.236184409011077,0.11043258531042396,0.40561479223647245,5.211051278194877,5.249108555647505,4.717601406993566,2.230160139741641,0.0
04H108,0.18467142495262198,0.7331766350368822,4.981665534822023,5.028664763662644,3.729555623432008,0.6607623806196179,3.2143370441719807,3.4614580029167947,3.420687318542655,2.563339875825235,0.0,0.06771701208071647,4.403667863591739,5.8619597746824175,3.1986338032851265,2.105001883240561,0.0
04H112,3.8278778749914313,3.932317243215254,2.7814413493779653,4.1098231355677814,6.280957469758366,0.9117851400070244,3.8610298442426423,2.932915641332189,3.890268448334561,3.9452399860095344,0.06877571731159568,0.9262720788262432,5.273675903296378,6.278273865613049,4.7219976961185965,2.7980617563011614,0.0
04H120,5.163494991298582,3.106935134019065,1.9887547707703583,4.732492556438602,4.104538220998243,1.057125092131539,2.472554595795365,6.685003528613707,2.6450812610714167,3.636262114001128,0.0,0.8047313687345351,4.8083156636520545,5.970293075283884,3.79490161639892,2.4343333077037395,0.0
04H132,5.222416131909979,4.989885125722391,3.4119439352650276,4.075084499475438,5.163208124399843,1.600977897222013,2.7512688420163025,4.0859833725550745,4.392886393320935,3.709141069983763,0.21506465373588687,0.8986427424261219,5.747785632327909,5.468895515035415,3.627028175905918,2.4227796847959686,0.0
04H133,0.42249217774121006,3.56870815343618,0.8765757632597594,4.863017090444001,5.557900044500295,1.1233497898919564,3.8877010545397583,1.692354636814392,4.352128733834749,3.017980757791308,0.0,0.47511759414842103,5.132161442840649,6.455398663393456,3.777399924523592,1.9760955215204263,0.0
04H135,6.033655746210604,3.9326916346427465,5.222496753023864,5.805991206593556,0.3905240022381373,1.7380809579209986,2.215651429660762,4.143569067729203,0.48787032469831054,1.495842283397499,0.12066218101809356,0.31209082945321004,5.331334461886186,4.681042605894044,3.6801389944214438,2.462520993790665,0.0
04H140,1.5316088824675052,3.2556018875204136,2.1478634608445977,4.532784323610365,3.80810494092606,0.7247492972610949,2.8895834365811464,3.0826067861628683,2.81370923230091,3.48099379906897,0.0,0.37728376131192887,4.641708709235997,5.675234865046128,4.0631413871641815,2.424010325466797,0.0
05H008,1.1083440108945055,1.9039420113256504,3.160715933018883,5.315045328197253,2.171180167761975,0.5024961184555229,2.813517323817306,3.6773285439409737,0.1888447574193664,1.1062791437257233,0.0,0.15442706904982464,3.5994298606655253,5.396752587588144,3.458570375653089,1.9953567210653271,0.1597521942936789
05H013,1.1769593605595803,0.6955692517322042,0.883200888873727,2.4481238442280833,2.09240419341266,0.12604620285595572,0.7206065155597837,4.243952301231281,0.9350836733069112,1.2280294900752824,0.0,0.13573143695003967,1.1140347367550203,2.150148957033376,1.1465349924420487,0.9231054393532422,0.0
05H025,0.24401213680785838,5.7911327422380445,0.8455835911301283,4.893786784694292,0.739114328212753,0.04321758597905608,1.3259641549956613,0.9507731559819739,5.397765279480901,1.8675604893950501,0.0,0.0,1.1311913125807769,0.7109582419776374,1.9665895434532983,0.9774158834375712,0.0
05H030,2.163106672927025,4.33946292858686,2.928683551432549,5.223605527137541,4.526325879289371,1.9619254025678068,3.5559350605469,2.647911806645956,4.956267637666716,2.752909029012185,0.0,1.059858738045519,4.41393247117006,5.85945160649322,4.336328304536768,2.6334508047632914,0.0
05H034,5.115327804209492,3.6995711670829396,0.9908135840303105,4.994784386345536,2.4265100849694043,1.0087710376064376,1.8107035414477235,4.115744726851184,2.07953827453297,3.1571680615615794,0.0,0.0,4.907140481206791,4.459872660227057,4.155675008413914,2.0612372078701306,0.0
05H042,5.679642124224674,2.630328275176596,0.4667893172349776,5.3647630566634845,3.298935527943328,1.7160849829336577,0.7980022066171372,4.242380752669126,3.3676451346915286,1.8288366217429264,0.0,0.0,5.014180296937738,4.881090807548793,2.1839432355439863,2.9500591846278663,0.0
05H050,3.719011583532543,2.787695847261031,2.5849394220509403,3.865798366050998,3.115679728399206,0.5052641327209049,1.3256404386577365,4.203122525115543,2.979427501100464,2.3382062005062965,0.0,0.13698178313865803,2.768585542572523,5.374500470312697,2.3473916868626716,1.8789275167300266,0.0
05H065,0.2956945365342598,2.19425530233454,1.5805761735388402,4.058109333327863,1.7901476665790095,0.09243128501754105,1.8498339088981304,2.972285650743936,0.4650185073131673,1.2625762109384777,0.0,0.0,3.4857310867785585,4.2078286806896195,2.818795989765105,1.6374848707594558,0.0
05H066,2.0741506441237343,5.712434041927432,1.777357583972081,5.031823869854516,3.5734539640660463,0.7510001654018853,2.4664433565711725,4.407869809972661,4.986648882343616,3.7792167454853853,0.0,0.1272715511146512,5.448717702726469,5.3153829507493455,3.5508924220169296,2.0499925200893965,0.1317207974457281
05H078,3.782875416362477,2.3482208954301838,0.10703211474211126,4.872795303106972,1.9453454081599058,0.8083495016884876,0.20579137632115935,1.5137673195202874,0.5954745537770801,1.9094166614959964,0.0,0.0,6.088379318513366,5.786698781649229,3.430929511677919,2.41422351706848,0.0
05H090,4.749922302065301,2.625986765382874,0.8063020716827602,4.076819188131721,1.8998694944587227,0.6927762500732175,0.7541089990300448,5.525136554674405,1.5537837811523596,1.662867575681728,0.1120809018493404,0.08129073580683006,5.083072838698566,5.026137973736329,1.0826776570850585,1.1774127595079182,0.0
05H094,0.7698530597717758,1.021824856332801,1.7959351343393197,3.851621775606871,2.4968995423262377,0.29388624931848306,0.7501780466639525,2.224028260950499,0.5632577931085634,1.936172541075762,0.0,0.0,1.7067226621612595,4.498138578200514,2.424151600672902,1.480248809285709,0.0
05H097,0.19403206611686385,2.093924489666612,1.5381656745013166,4.699747241051594,2.9916047465793563,2.054479444838215,2.342027091857663,3.793881282450937,2.0910304314784423,1.5552841214681272,0.0,0.2797343547082971,4.938328876031545,5.017452389827848,2.348269993850323,1.3690367880371235,0.0
05H099,5.622926411008974,2.852774715261321,3.017048664105778,4.452741957405781,1.3831974729050245,1.2480653446366634,1.5172876477457502,5.935050947473481,1.5149543478999696,1.5367899171743742,0.34201482384463117,0.09263007252231557,5.721721454067764,5.294107195796604,1.174886740262675,1.1221337936857954,0.0
05H111,5.115667106857877,3.4317980456812096,1.4149438111771724,5.464346923899852,3.5231726801559766,1.5146473614750493,0.6155106214502201,2.1894723352149708,3.430101835022642,2.0663218221593693,0.0,0.20730899606833905,5.104902841733003,5.7911380979050175,2.1727774384209178,1.8522888012917296,0.0
05H113,5.599076344735756,3.723559307076638,2.4577508271584523,5.134835233572703,2.3457306898113663,1.7253932548929616,1.8720559330150495,5.1880058671252565,1.7663276694564731,1.7487037366110427,0.7947001576919244,0.07583850793839801,5.652027668543132,5.6781119021010165,1.5693419150738646,1.603199387603794,0.0
05H118,5.989087618854709,0.5677136176346015,0.12320208487473884,4.850900245439653,3.6179236316526664,1.6423676754847476,1.0497787861758552,2.160058940850423,2.8668854375482398,0.951180988950814,0.0,0.0,5.29225936107622,6.340724697608275,3.0636007001849554,2.5274536744922016,0.0
05H136,4.695090046758496,2.922340802110108,0.7807036365921416,4.221574681206022,1.9384880427515192,1.223220231189278,0.6890360017952575,5.3680900106302065,2.3202859183138775,0.9479961498654131,0.08893605642290409,0.06430008152877231,4.823836620311141,4.980066920685094,0.8802962768133071,1.442398452913865,0.0
05H163,5.764737516358278,3.385223636282158,1.9104585401785648,5.544219283454541,2.0563236976652033,1.2460894248721301,2.0690187494205503,2.94919451951084,2.2950417184138527,3.2265902528545705,0.0,0.1314644905712191,5.10618483731042,4.078020456177732,3.8358889659443345,2.267361446006075,0.0
05H179,6.01976391919447,5.109717264926953,3.5794826575065266,5.135952479388014,4.497302575050074,1.9611656140411837,3.4203219400592637,4.206664569618016,3.0582091862080794,3.5071533522420397,0.0,1.4899687710821634,5.382080213741885,5.277981323668617,4.789818033130038,2.8455998132469,0.12850151071033938
05H181,0.25630685491612465,0.4848972625220219,0.9448813299008154,2.4198816986496365,2.0849691776852057,0.12387094449498012,1.20421380238603,2.821506979264566,1.711764728571704,0.9090982269554249,0.0,0.09809366136132226,1.0498692399575134,2.502660162980497,1.698919804075945,0.7105650151253956,0.0
05H184,4.774274571216571,1.461980838187167,0.1721087383016929,5.494042107358801,2.6120016668547636,1.8079491679333615,0.32198543308494665,4.664444810124182,3.251706058477744,2.537231863150683,0.0,0.0,3.992459635720228,6.453271064189386,2.549986199613305,2.393503326421156,0.0
05H193,5.110723388623493,5.323086729173745,0.6285618099837341,4.401023812912358,4.444934466207748,1.933393945464989,3.246777212602153,2.390041323273344,2.7701116476800354,4.335174280133041,0.0,0.26857054261953656,5.305719795831676,4.917499329866521,4.5555535816960235,2.984034008085045,0.19314568998142226
05H195,4.394889090619615,4.162346564279737,2.1487607826257706,5.572586981638504,4.058647811706094,1.7909291018611653,3.311723132688127,3.768293504984237,3.614454989107929,3.8966551744837843,0.44910609850543526,0.9314569941822406,5.59497298727979,5.951545812397053,3.942634621737626,2.8242974647697916,0.0
06H010,1.8764550492203629,2.398550342172668,2.4735519243781736,4.47218659892536,2.174677226680008,1.2749997316657782,1.4101181477090377,4.389350519672652,2.052060304457554,2.48957233923851,0.0,0.4935102509565034,3.967332222166442,5.442973800003749,2.7007199628507346,1.5636696862995243,0.0
06H011,0.8455140168024874,3.433712337223915,2.1479815317499877,5.2710118588096675,2.3004912894649903,0.9425679565729145,2.7197332312262694,2.1059217005957476,0.5581795085246437,2.7140047928235354,0.0,0.38004870462410484,4.417636815513958,5.55462671747838,3.8948236227609465,2.1754259777628335,0.0
06H019,4.975520513597133,3.4579162207290945,2.648818977850563,4.62399097622429,4.004602378616645,0.8274654456299667,2.2606729234895084,3.4806987111104952,2.413834176220976,2.537703776840734,0.3764300373844582,0.21895300331251147,4.59190612886175,4.6689270941291054,3.408097469603488,1.9843005113871013,0.0
06H020,5.023810711170413,3.0932914634203583,0.9046000252521755,4.364447427623604,2.522875969686742,0.548851800552558,1.5395097320834301,4.49133754407898,1.3903320561125028,0.6561954098615963,0.1051076758567001,0.0,4.704288143004472,5.322729774687598,1.1646282535690553,1.1369977554018709,0.0
06H021,2.8203821695017326,3.7555232974676866,2.0906116912503094,4.970384969714497,4.448073185452369,0.5680426373040137,3.020150491641154,1.95714484999351,3.7016695579122523,1.923629254957019,0.0,0.5771406429207072,5.540085698306522,5.788645120217621,3.671855635863905,1.748414918411261,0.0
06H026,5.355638136156449,2.7052113899226637,0.4932649398385259,5.381967181710241,3.88713788980718,1.1974569704216487,1.2182941231464117,1.6682261963017229,2.2190383073229567,2.5374241281006715,0.13464869853776334,0.0,5.501860767572422,5.605917856246973,3.57143854915473,2.257567607587201,0.0
06H028,1.219482958040269,0.46917540218032444,4.541107743795544,6.082150181580969,3.035471162308748,0.7199363293227908,3.458942121495936,3.626526525660113,0.9240190597860808,1.8008693474322048,0.0,0.09429324075481564,5.192981734976617,5.976334247196136,4.382474533773696,3.254456121017885,0.0
06H029,6.523213871081746,4.228309748208307,0.07557547193797183,6.5289718684729285,0.21110927368042753,0.7442135339053797,1.3295616318501344,4.149915698718891,1.249078503376763,3.6385179809351995,0.0,0.0,6.264379803555463,6.364054483441292,4.230031924683088,1.2157411154837465,0.0
06H035,5.50042617054474,1.2503284974262627,0.2182601299135314,4.194147158302513,1.6624384511775936,1.2393903607059353,0.5622283225412926,4.236733023086714,1.5060970136417182,0.6867586043058992,0.0,0.1186481593533964,4.494607798767926,4.881486126704589,0.9626652673617543,1.985348145451612,0.0
06H038,1.3603599234493635,1.2391402218008918,1.556656275991262,4.021142553534661,2.265825303924821,1.120106406903103,1.7370813205800961,2.6338276610189215,2.9634459580798747,1.9791067440281973,0.0,0.1325404697969121,3.927402747881361,5.373002648411667,2.9465644438834286,1.8827155204425639,0.0
06H045,5.026738656214965,2.0341915505312764,0.08247482952560121,4.39294117034497,2.3413453637202646,1.2598613479879064,0.08717211087763213,3.1215408409901975,1.8079564142925855,1.856396405711448,0.0,0.0,5.713260297574363,5.8239257731423075,2.8714578722221846,1.7074111020162208,0.0
06H048,1.9426527986616176,1.2555371321529258,1.156256189916584,3.3313563304439584,3.283301777843984,0.6433061880855948,1.0704716638442822,2.197308557154094,1.4051154451837207,1.4025563111012924,0.0,0.0,3.424745319188948,3.6598941694329112,1.9916366485547827,0.9697001643672636,0.0
06H066,4.919162300258979,4.010839241838233,1.8096753745544527,4.859005013403787,1.5798965154861868,1.174563201943191,1.7347441871152551,5.125805637308363,0.241154479073508,3.3122960596167883,0.0,0.0,5.298087838329913,4.671926721112313,3.9908819109157756,1.980971741726769,0.0
06H073,0.34611299332191103,5.594158130959746,0.45515472587744815,4.921581080346609,3.3489433204335297,0.721767142136148,1.5998707114409707,0.7689457228073953,5.284312887045849,2.553877827701538,0.0,0.0,4.475132723171224,3.0882490420440027,1.8520060338541506,1.7320403889260192,0.0
06H074,0.29367549937189014,0.25119591872186725,1.403256763023913,3.8518908574261728,0.7963609045771424,0.1006340252378553,0.34750498923468837,5.104136292878286,1.47307698104274,0.4664669924896443,0.0,0.0,0.31002557135746023,0.40904676038052307,1.657840368242039,0.8266078142742085,0.0
06H075,5.209378459170298,3.8414911175730686,1.1088121105467708,4.324246262880988,4.477715271313053,0.7922446977279364,2.2493030063841353,3.7937429949338637,2.501371669979352,3.178450673252359,0.0,0.07713335375954378,4.64915154251616,4.156394666784292,4.345853019717258,1.7676795461832484,0.0
06H077,0.8847556953306887,4.418857484071949,1.5686727000219949,4.13761232653455,3.7750468641031123,0.502331727384305,1.2111457798603416,5.420610880614299,4.857561476278584,1.530191820275615,0.10511648267227357,0.3334066392328991,2.073500055977774,4.310379854281572,1.5609995824712215,1.1988495211335393,0.0
06H088,4.838541434687021,5.702393518899122,2.757067669109381,5.070818044728112,3.317886143395081,0.4612449308794431,2.8583178941423952,4.0158794708629095,5.401597706435158,4.174478861442365,0.0,0.0,5.217734039390464,5.489409083480496,3.8655409135704955,2.713866138783844,0.0
06H089,5.243678415916666,5.506728237477563,1.5112530487352709,5.6145491926064075,5.831930328174557,0.9403057101296536,1.9868725941503356,3.563072478838009,1.8184989346922928,3.6004368961058217,0.1071098687106347,0.39497947799621735,5.730891691899894,5.887916733945357,3.912672761761243,1.1762743327300496,0.0
06H099,3.5608772803448865,1.6630282419757307,2.760086301067182,4.8745144474110855,3.9382650651465623,0.6842691890989309,2.7328048686324764,4.5417404887959725,2.6678127968129512,3.157019598066299,0.226867944839951,0.6466778829162962,5.185494583547107,6.020460354273848,3.450845236209754,2.1168718176142547,0.3200851711902682
06H103,0.1473846860199763,0.08246422838269267,3.800640162867505,3.492147145757447,1.5397382282217225,0.6258039612986944,1.487286736447503,4.154253046712415,0.41774375245578854,1.1785040073429884,0.0,0.32729652206158066,4.696481157842915,4.7241258960748205,2.238485596968638,1.5214930353478426,0.0
06H106,4.457940253243439,2.6864712869416905,2.5363945318672716,4.63573060431004,2.987677429440275,1.0300438941997219,2.665287596621769,3.3706842742597622,0.9701015735067805,2.9373715381306256,0.0,0.6265017823180415,5.41624913258806,5.779370911889994,3.87898445338132,2.1035316543878877,0.0
06H115,5.416560127141997,3.8327276422306493,4.138540140415957,4.754422811775922,3.4003741990144554,1.179754098958573,2.2252327125685754,5.2311565305980015,2.6258463037060964,1.59789617981345,0.0,0.0,5.183077082232208,5.4781771104120285,1.4523275885667695,1.7330685864998345,0.0
06H117,2.7637492807005875,5.8617812124535185,2.0237877427390716,4.491626970444748,2.7394804610106163,0.37775110276902046,2.108398352272311,4.292400443855099,5.2424369278913865,2.8892306646400185,0.0,0.0,3.975828845172201,4.584193496970174,2.9386619507628486,2.1691582383716366,0.0
06H133,5.766511320689683,4.382335835444923,0.5211166918228066,5.558647255938357,4.077659193119726,1.9814095203709017,0.6760567082584201,2.813977155195,6.281457758536444,2.724330174323608,0.0,0.4629168560184466,4.352738879866914,5.3218717835903755,2.7654601925215045,2.2079262067633185,0.0
06H144,0.34674015720637263,0.784390142067619,3.9964297905684005,5.1525584934170805,1.7422520703132152,0.6757187594976654,1.9330739384497295,4.971650685947882,0.9513760324826266,1.2392483714349865,0.0,0.6781138793408691,4.949058547332346,5.5627018029454565,2.9413517092147763,2.4564704704225155,0.0
06H146,3.150055745622307,2.715478392196514,1.9578294294077816,4.483568798789017,3.21572590894097,1.5114953497057355,0.806500910024488,3.851226807385745,4.839375694505155,1.3919291074461875,0.0,0.5693615052010773,3.311945617129175,4.946240011301418,2.9268734275480544,2.4633837109986834,0.0
06H151,5.839123055038643,3.751709001823706,2.9203543160106884,4.993002401527283,3.040817365219252,1.4951587181418204,2.3210712903369113,5.337261938400592,2.1829439667696664,1.846636301431096,0.16703297179518956,0.0,5.6537182942007345,5.728681776669441,1.477635601819843,1.0178078076819506,0.1263234317719756
07H003,0.8777281123135678,3.1284254792867374,0.16139511483773564,3.905410332027791,2.1368604374726456,0.4793647786799808,1.1358567656218606,2.653100132794143,3.1367897370738245,2.4884629131883416,0.0,0.0,3.2463103491218317,4.080748763141857,2.3439669714953153,1.7183050007234832,0.0
07H005,3.1090109071262426,4.107457952410284,3.0027823089044507,5.647454242852744,5.999696590974402,2.397865517071243,3.471468583742465,3.9743194563343605,3.89296925088351,4.149900702842849,0.0,0.9678767966430643,4.651420957852602,6.0907132468762315,4.658692568631213,2.7034922708930647,0.0
07H009,0.10981864434666683,1.8281093951512175,0.5537580979040442,4.006715518456565,1.8987962458159449,0.403167376142287,2.1730604119822967,4.4556352255033245,1.1583007057782306,0.9512023766311716,0.0,0.0,2.5411812981231816,4.161533885323737,1.9713566394756088,0.8097217650133156,0.0
07H019,0.21398745804558267,2.427860382829,0.8432568979368362,4.358262117705305,2.2665592261879355,0.5676265084119538,1.4898023898301294,2.5361131601993483,1.4206676347668534,2.348801572072791,0.0,0.0,3.9083864133182162,4.718428447615446,2.8811472146001056,1.5882223005050522,0.0
07H020,5.806062686226677,2.8751938439465023,0.715376863063365,5.605502688850077,1.9008110806328293,1.6294912194833793,0.3354417261941811,3.0634366613216537,1.315056141611192,2.4103967038413456,0.0,0.04789747882908065,5.082375309026475,5.0395396206985295,2.9601032080459717,2.339679176090002,0.0
07H024,2.672801853973708,1.9817257873289662,0.471733307548601,3.148694730514679,3.3696468349921256,0.5636291905640181,1.805160189999189,1.6855306095494642,2.0249209999224216,1.5148983255002726,0.0,0.0,2.4993731374954264,3.629992217235617,2.2296693201115922,1.1433890783376746,0.0
07H034,4.857867076938238,3.267260619540034,3.391887340050248,3.9909860943741062,5.3695406769243865,1.415156797432515,2.616151422654309,4.262118013813483,2.719119103815819,2.188457876833993,0.0,0.7337070843099567,4.740416462423026,5.3734826737436485,3.190785956720237,1.7039885458339665,0.0
07H041,0.11971737739677778,4.839283831119892,0.6860992442274229,3.556989916688578,2.4351936578384623,0.011041933201607212,0.4053761319680177,2.6775194651784893,5.370313468355495,1.622470320259127,0.0,0.07520140648365356,1.035991190561629,3.432525749946885,2.5104893161005473,1.7722642890326301,0.0
07H042,1.682329289420817,3.840499030423601,3.9231468914162972,5.195450195244339,2.473353142861112,1.392711516648461,3.4689442500065244,3.4391694023798363,3.0655103523942864,3.6228604806521334,0.0,0.8184063293992763,5.159223052751103,6.189816878841117,4.522035377898922,2.7947266186714868,0.0
07H045,0.08275058120345843,0.1822046932532501,1.8473962485397293,5.009646762951787,1.781239232232407,0.6538499693537254,0.1190298189007365,3.453200287740461,0.2713282309675733,0.8756053472518764,0.0,0.0,2.8103042442061037,2.6538872751347586,1.3388127217737338,1.32974841052284,0.0
07H055,1.0946838814625262,1.7329361034724162,1.1470722474501045,3.509268704404179,2.0683665644230125,0.08721357098304482,1.454806934684494,4.824115538939677,0.6804465883106264,1.3819432183966662,0.0,0.08762121001510498,2.4076167496914707,4.0376708602996825,2.3670835543809763,1.0486594293560954,0.0
07H062,5.15922088843493,4.513853820463234,3.917370341418422,5.112527219176758,5.967363220694663,1.6845012470709726,3.8017511362518035,3.516530212575805,4.714725292505629,3.4309367728150524,0.0,1.374351081936378,4.8564167049002505,6.207575030658901,5.046347501057077,2.9566881440886807,0.227313468906316
07H069,6.360803364680548,3.5963039137781547,2.527344199735611,5.093725109747423,3.865251380951532,2.2662858041287355,3.343119486329233,5.373036165501639,1.8300335761658388,4.634885923060361,0.0,0.5270133411581583,5.213851443451428,2.219165167677528,4.627002251912027,3.1693313394399025,0.0
07H089,2.33112857725334,3.4278963028730614,2.1560768873793843,5.2428164513474025,5.055327049376354,0.9329760943378431,3.110222824942472,3.762761879620398,3.7519748673989897,3.5030675148999895,0.12936388265044618,0.8673294842737825,4.1409300224680266,6.105246196841841,4.152357401740487,2.119543740566756,0.0
07H095,2.837446993265665,3.7615211140743114,2.6252668302465496,5.126536580203961,3.6053725319122716,1.4840750912934066,3.333438829463378,2.9798497104122843,3.482505604181713,3.0552478788093547,0.0,0.41484119592690977,5.265948033926992,5.981256240221426,4.288755360949611,2.300843507193097,0.0
07H098,3.977793925434629,2.3041118523972073,1.267514373854741,4.9625949831531715,3.977424012595828,1.3016758153400794,2.74622905233657,2.9902138497449635,2.8917120699511023,2.803646431782045,0.09089248661384014,0.24040407836345104,5.051343606693719,5.286415589637947,3.7619886416713544,2.0800484285822645,0.0
07H099,5.949236152895611,3.8578819851133206,0.8036868642107036,4.7183674070265775,2.891667117234216,1.6170545846319555,0.8222619913048138,6.136697404610002,2.7803501704156925,1.4709392738423097,0.5913330849471973,0.0,5.030197619992995,5.330620453622482,0.7115599425931466,1.9298296333239644,0.0
07H106,0.044460556669308135,1.4265710245756844,3.2458780896007253,4.659716978257413,1.6897464978606171,0.5473903505196088,2.162010664122014,6.519742818189305,1.3166186894918694,1.951310289760385,0.0,1.2050353653997188,5.351272235694975,6.100179407779728,2.949948866373116,2.226679605985404,0.0
07H107,2.3794827937558414,1.82384997383403,4.134708919583402,5.18350309969629,2.7841538000409924,1.4022029078230895,2.0697875048799803,2.9395803466097203,1.7726571386862957,1.7983792352126997,0.0,0.16908412245091758,5.304735708452872,5.685736141926264,3.6554600419819154,2.4221516316337444,0.0
07H117,0.13438415763748368,0.024382498925976385,2.559547945146596,2.2951225421180435,1.9210191296856272,0.2589538631492454,0.6540167738611867,4.615230787777888,0.5171015971391778,0.22714257858763565,0.0,0.31254782408751497,4.237751208841886,4.053926115336738,0.8765430335516796,0.6554678377150346,0.0
07H124,5.549354714109294,4.199393697397557,3.987963676647164,5.647794343500935,4.350475142332233,1.687598624743505,2.1178275098860175,4.891852792686732,3.5414774852289987,3.0423310117042437,0.0,0.962097521951531,5.205992380377995,5.95210223412595,3.4348154622489413,2.358993639937756,0.0
07H125,2.1043076663612585,3.326905782062575,4.035175133865413,5.219802543665899,4.96078234437323,2.1341920798714913,3.486749968849351,2.9850622355679697,4.022892539355217,3.2493912808238026,0.0,0.3214076950662087,4.86948166961244,5.831308599617014,4.648345035869603,2.943379353531864,0.0
07H131,0.418455742411359,1.8680415782179212,0.028846038922323018,5.417683804604355,5.501361203508605,1.6570713975695686,2.119116963536756,0.7106689933339677,3.5292920034270914,3.4329516851252793,0.0,0.4728797807646887,4.862811347869695,5.22425646281204,3.7578672799306667,2.2122248111907026,0.0
07H134,1.1317320563948876,1.9630466830643496,1.4419509369870824,3.871644554998249,2.0532856898972747,0.3272330511142956,2.1305889205193007,2.8267107672503684,1.301856699115516,1.3425590613745837,0.0,0.08974935692750542,2.5638512321080333,3.284989400733219,1.8722246969721734,1.082643734331939,0.0
07H135,3.3939625013731973,2.0225164456645928,4.687159128103884,5.395602318119305,6.030639792281693,1.58866494362752,3.667100793216551,2.615747720228791,4.389753217634576,2.682735226680185,0.0,0.5071604602284545,5.55168731097649,6.608524513693163,4.401762882977358,2.343759317756198,0.0
07H137,5.606039515848407,3.368602079158388,0.12246359247724062,5.6660338746075825,3.0608248753164036,1.6499348324536152,0.6600111023248163,3.8042285304964922,2.871576020029573,1.3345328187989427,0.0,0.0,4.964273347040149,5.7381286949393955,2.4970652064204004,2.896156038007264,0.0
07H144,5.292940675728812,3.800324290211352,2.700272971102875,4.2123063748939,1.334099813316963,1.111555047024873,1.6294193410434747,6.169330034363259,1.1204698219795444,0.870505044218517,0.0,0.0,5.096658366670933,5.460559749671967,1.4944258809792426,1.3005871669162334,0.0
07H148,4.221429659919297,2.714500691520952,1.660539659181925,4.875561876139355,3.6404067336721324,0.8053382595325254,1.976251593438369,2.2325066981411688,2.3279369262761573,1.5055908042150459,0.0,0.06946792867427655,4.222743590681356,4.436706021198433,3.3939804338907007,1.4325041349631722,0.0
07H151,0.39548020294785774,0.352412452737447,5.284139884064172,5.572974551043438,4.317039741620312,0.38520739118700786,3.0044914682685127,3.9740070347988175,3.419296392170954,2.99519879723147,0.0,0.10452493729624959,5.4639877230311145,5.329277529068241,3.6543807770525403,2.8658922392112807,0.0
07H156,4.846730291733253,2.637188502640459,1.1858486261187053,4.8737250082219274,1.9256322095909566,0.7885455097528743,2.353911745983353,3.0289944339314303,2.4956799035971486,2.561152198555125,0.10298352511682604,0.07459987471873109,4.244764128883126,5.487445453322013,5.063193927532433,2.3587617346219885,0.0
07H158,0.19089828318070085,0.2451658480100251,4.272741823216682,5.739858898546215,5.934453555754489,1.2201480335980925,2.8927134976970406,2.6322759677929857,3.73559068918986,1.553573184565993,0.0,0.3127011893276411,4.826703395050882,6.016844663272961,3.2494408222801114,2.3388152360117953,0.0
07H160,0.9143065904527987,5.730964475646971,1.664358712170352,4.415617781167522,3.056657637172913,0.5945946229553423,2.501581556003464,2.102680035509466,5.643766924842331,3.6771900956327648,0.0,0.0,3.8467182115349985,6.409144405450503,2.605705329926207,1.8745597593422816,0.0
08H004,0.3414271735762985,0.7143624724439107,0.7690184299676555,2.571610383831903,1.134412515057361,0.16732645843087207,0.935658642417155,2.3101591926076073,0.627284960095288,0.42405414248451484,0.0,0.0,1.0729423968002996,1.9453688973533252,1.4448505438538966,0.6924420327356234,0.0
08H011,0.6568539889694655,0.5885457798274836,0.4558783587604641,3.1509944940735477,2.2624829668618602,0.04047473174879905,1.5912448029955253,3.839797540611659,1.0602919797417487,0.8636446032478425,0.0,0.09244136675518201,0.5252162530748912,1.0098074492783724,1.7743293297800518,1.1305565495422576,0.0
08H021,0.17479771217687565,0.2070926395240472,1.1249260526593996,4.345226546640477,2.30587625648026,0.0695614597238241,1.3394617057940437,2.2651338572701256,0.35354797970517565,1.4079924452290093,0.0,0.0,1.285300210857484,3.9538671117750015,2.026453028655508,1.1433013406009511,0.0
08H033,4.69030467428796,2.3759790221618866,2.055111360321045,4.559831687572544,3.8392475918964264,0.7145256604170175,1.0681453557561293,3.1902213688891186,2.604465014919648,2.187643084661332,0.0,0.0759466919901071,4.3350727973741225,4.156576178530129,3.1680021516685954,1.7004251753765065,0.0
08H034,6.054981537370824,0.6795103226925578,0.22678928690969824,5.239287778814716,1.5917915818805402,1.5600364550505155,0.24349436615062714,3.639032034153565,2.858064352953921,1.074110354374127,0.0,0.19813566311743136,5.05573825629893,5.368477929839544,1.9496127769071336,3.1328493434717855,0.0
08H042,6.4322182181194165,1.67607144608531,0.47699912167943453,4.436055318115012,3.054393213299739,1.1951492371257277,0.6728491698534058,4.2049670763106,2.7384486239450463,1.2076961948670908,0.0,0.0,4.585319754258128,5.708999835435078,2.2310510835692727,2.5870937795173035,0.0
08H048,3.7075771644309987,2.8729993890660714,0.3492911067412591,5.100345727046546,2.3301456872504627,1.2691902651574771,0.27179627604092865,2.326298871914935,2.356373388915697,2.1515331126400015,0.0,0.0,5.740976626211666,5.7911739323234395,3.341690295483732,2.37614613614892,0.0
08H049,1.945100212656837,0.9861323544890405,1.2714160237517798,3.1593460250844,1.140610455667177,0.23243105947435327,1.2781885243898827,4.610237837322479,1.9339964446607183,1.0689351543575305,0.0,0.0,1.6109926351674566,3.086003024391069,1.5735635415583518,0.8788392275137826,0.0
08H050,0.0336578829752427,3.599390616946093,1.3092524595085262,5.2346803724903985,3.997904887333666,1.0680257383359477,2.4565951205537604,1.50220774860552,1.6483163139238102,1.4455732785902757,0.0,0.0,4.843642711742503,5.383583999647205,2.914368656681597,1.8752277920159057,0.0
08H054,4.847101212945474,2.554857576225142,1.79627759592149,3.700027465543465,3.8355103343172248,1.1639142909633098,1.7294555765017596,3.284657027629204,2.914664098447302,1.6600590297232347,0.0,0.4068425638963998,5.11946421642861,4.821572300590651,2.530416803085727,1.5016810114096628,0.0
08H055,0.8447592612253207,2.8484423015059104,0.9017726945148496,5.032975119010655,4.104683271379019,2.1654086311428586,3.0526110723855964,1.4390032524604168,2.7398837058284027,2.3880439563565434,0.0,0.15924573008095336,4.726417093373502,5.1086734747096845,3.434538644546791,2.028569556051367,0.0
08H062,5.09178127242385,2.849283715288798,2.358825643841125,4.97841766394662,2.514480524881248,0.9705504244157076,1.1462876663599606,2.209817860528453,1.7031393661671206,1.4162819705789633,0.0,0.20878812547823447,4.7873490979057935,4.459322722650214,3.129777117968897,1.6572453808494803,0.0
08H063,0.3173045063659191,0.9576446648370742,2.55715781193524,3.2795427050121218,3.8663175260739444,0.19469388390630496,0.46791810564554764,4.563628727388973,0.6999092466192119,1.5489169466820916,0.0,0.0,1.0804762768816287,4.158774874056549,1.9309999813143222,0.7453753280334181,0.0
08H065,1.5451428567629106,2.9127780598692334,0.37233919058592246,6.071384235175731,0.7955344511795972,1.6919826976055257,0.09853864117662628,1.6087924588601934,0.5257302871176447,1.4766762237558686,0.0,0.0,6.25739074365076,6.103304457147426,3.8063536810865854,2.256201623788671,0.0
08H072,4.9975768667478455,1.9220618189564023,0.11021822443090154,4.580352336033111,3.311531532929124,1.1076612221855182,0.8957681939407846,2.454233284175039,3.239312646304206,0.6234710605785297,0.0,0.0,4.669296512833811,5.85951989665632,2.410647472862892,2.1871086702625573,0.0
08H081,3.8086907843033675,2.203364638436431,1.621558164431307,3.6737124807938972,1.0530224215896788,0.4592884970184597,1.0881226465970075,5.299360652867719,0.7441645175833133,1.1518891634608242,0.0,0.0,4.3632555026869575,4.104879439251024,0.8550692127720688,0.8391397421858653,0.0
08H082,3.860331296037069,3.207319945927559,5.6592416414135185,5.845613287987475,0.2629418686336499,1.5420200705688683,3.474223419660033,3.8267458095316433,3.366124725538949,2.767606989070545,0.0,0.4551688946518233,5.685352161115763,5.687108756545942,4.4873948050139045,2.891988741807538,0.0
08H085,5.115407665886057,3.614851346665484,5.357752428139404,5.198398200413694,0.3079174433344614,1.2811598091782443,0.009957911295030281,3.3319602684861045,6.809335253192108,1.0129930641897322,0.0,0.2182738109680505,5.283759781573958,4.059866029478227,2.6570940924650097,2.578882986268637,0.0
08H087,5.371452108013242,3.436852041893616,3.332550188309939,4.353620641213742,4.533683510006012,1.2701572009727782,1.559000960781384,4.5099645166119355,2.24557754966291,2.9653121858512583,0.12408523141024261,0.4485195874913248,4.820518181665763,4.830362831161842,4.168668411541924,1.94947552704353,0.0
08H089,0.3905754608542543,0.7881013945237807,1.5634821571594577,3.3271709288649283,2.2962819618689863,0.19803983974017347,0.5897870336316563,5.067610921814477,1.1780910226645944,0.8489114118719419,0.0,0.10439610817031172,1.0504774387949354,3.147330424918435,1.8994405661398683,1.4440543401411268,0.0
08H099,4.517403030667789,2.872341555546605,1.1143001559942998,4.098110968267504,1.3690984052070814,1.2543340383853911,0.6512738246635642,5.618806007096811,1.2182204894685382,0.46688550244721355,0.49706897563036523,0.0,4.38016624081842,4.594151253289173,0.37217673480286617,0.6491415949780835,0.0
08H104,0.20985731069345037,0.7193710846975377,1.3460188255159011,3.4377985620943545,1.3791340874244145,0.36653123010949235,0.4128138007654391,2.2394265619849354,0.8940518096373785,0.42692576167048907,0.0,0.0,1.7691924911261894,2.7828884524493622,1.0854657584850849,1.4667411916615902,0.0
08H112,4.791539651356349,1.5234786934189457,3.745548482453171,4.1140632590887956,3.063275989168209,1.1114326536801507,2.0381025465368534,4.18723738342765,0.654028667658998,1.9141906054957973,0.0975530478973636,0.8713615694559225,5.517608684452223,5.994153100305156,3.0833910993007407,1.0844028098383909,0.0
08H113,1.7667507095308121,3.7959148770193556,1.8197919607329018,5.027850946771737,3.6443562530090565,1.109522154608373,3.8053264196696595,2.414252176061572,3.3678052020344156,3.5291927048746614,0.0,0.3007829610067212,5.1655257081117165,5.8665074403489355,4.70464711497781,2.5546940868372343,0.0
08H118,5.867343501140304,4.044049711619339,2.9298021352168946,5.551621716797345,4.1653566934931945,1.693897668515091,2.9204650010005784,5.442635757918135,2.68182797541222,3.0202032255600204,0.0,0.9236355222239635,5.749260764888584,5.549016385979772,4.263322734263395,3.01652943227164,0.0
08H139,0.16066569525087454,0.18090262619894498,3.0251767665386318,3.3725517715964957,2.6467219300636593,0.03233873846107854,0.3945710806709452,3.8410034370718495,1.0901434066921512,1.153502811264147,0.0,0.0,1.581531751666911,4.131904968559887,2.4598240510507225,1.3237183585730603,0.0
09H002,1.5438051837030717,3.4716989714868256,2.6288756752952107,5.21694198562647,3.2230929365080967,1.6382086121644404,3.1734634271879516,2.8186470040064626,3.2622958643749533,2.6843737819080005,0.0,0.5679128842753479,4.431253052380109,5.881861863503736,4.371322946088332,2.6585431768083794,0.0
09H008,0.4789221642587642,0.41471082080826277,0.6345046274167683,2.6005133816271497,1.9488473879406405,0.23296550957287424,1.0757137257100005,3.0276046651393833,0.5939040603088332,1.1884749530263863,0.0,0.0,1.3050781341155333,3.0137095489008003,1.740097727105669,0.615933058482851,0.0
09H010,0.14055281541869757,0.44178754864799163,1.2610131766889532,5.0916932714485,1.713351883983353,0.08519656734624477,0.6961728793562157,1.3844850165354565,0.8327003427219324,2.7356474919787277,0.0,0.0,2.1024670285869114,4.344602147325397,1.953699736919527,2.5676692431852417,0.0
09H013,0.5505217544290466,1.7278919540070843,0.5968054513629696,3.800064437492917,2.051187593195085,0.8769000123951247,1.7907995916074047,3.5910945183607597,1.4007928209847695,1.8112344236417584,0.0,0.0,3.5228793894434216,4.661119142345188,2.8284674485740964,1.3368970546298071,0.0
09H015,4.646107114757332,3.4571388641166148,3.6944386932682978,5.16191909664523,4.312495830495557,1.2765849703734247,2.3468505600995937,4.251595643686881,1.9938648808421933,3.3732383761733398,0.0,1.2152595315979464,4.98835058943128,5.117846103971599,4.065076428517543,1.9860964710158469,0.0
09H016,5.481096014391716,4.35774210017346,3.991709304518792,4.6369659580697045,1.6876383825302705,1.8696339397884072,2.0759070895491605,5.245451789711601,1.9845676607354854,1.9144277879672968,1.2359782577747283,0.0,5.223250909838176,5.263523622971695,1.3179452485686582,1.550084571426563,0.0
09H018,2.750110723104345,3.9701489318707885,3.308868694848255,5.139724865429205,4.842281761105971,1.2877476093250222,3.0500521750687284,4.348634829139391,3.9813361220789574,4.378961649060681,0.0,0.24775573304660736,4.5011236033173665,6.489876846004694,3.8324050337601907,2.540959329620798,0.17766490362885945
09H022,4.711996649559069,2.289284202683274,3.4003611784763215,5.7265059834822845,4.98907697506101,1.2852311320343928,2.88760846007118,2.8469531821608802,2.8940217696100357,2.451150495978975,0.0,0.08554466146741316,5.67904205730017,6.427614811836095,3.6741905687608996,1.1046653113043698,0.0
09H024,0.36231947489877325,0.16129971354692763,0.7354557786870999,2.2484349868072675,1.3904726460998105,1.0676282238470842,1.9194376498310155,3.458724351070268,0.5301597195565658,0.8216749160133199,0.0,0.0,0.6450293206720386,0.971274642104843,2.1505480774247916,0.8465040106886101,0.0
09H031,2.993183917290215,2.9395115927051947,2.2050108043223786,4.954375115881652,2.865051335288671,1.06948827478224,2.8484688294234415,2.9987514914779965,2.8297557950018652,2.877690949359761,0.0,0.37977294129487416,4.880637003524261,6.0230737522706566,3.384319082673191,1.8596522046415591,0.0
09H032,0.0648999593775682,5.815184770867627,0.4717158561608906,5.064963662827712,0.432686603174173,0.01568193853773772,0.8388351597806393,3.394663172087866,4.989080173998902,2.274304517773028,0.0,0.0,1.5595145784379905,3.096730568387584,2.3275017396154407,2.126908950232602,0.0
09H040,6.9144268873374894,2.6906438382510216,0.0496648827412013,5.729829830224268,2.123538267444811,1.553283637165558,1.2966161661078475,4.6665336479967365,4.008042421818334,1.5916146969845115,0.45456156004409626,0.0,4.440621312508961,5.5925145602742,2.5890015036536895,3.3408972603468623,0.0
09H042,0.562284024771288,1.8031314988831353,1.2473877550842225,3.3851926385213544,2.8380470951656265,0.14097635109391546,1.7922168889840153,2.913998684647335,1.3713372817910954,1.299424624293168,0.0,0.23605100682850919,3.227704228813113,4.099862315853338,2.2913344292171005,0.9641210910138303,0.0
09H043,4.194415583568533,3.9087487971085575,2.5742832596517364,5.107309082661341,5.97493454753397,0.8705783603930335,3.9449361343623166,3.1455456745531145,4.349977561851898,3.580754360610178,0.0,1.0889036757049115,5.186415675601447,6.178554599780747,4.635702901251582,2.8617340677778325,0.0
09H046,6.0090119205535,4.5426044636929195,1.747752146113125,5.411817363854816,5.131800429889988,1.8056347491224505,2.7733463134935046,2.4627443937773945,2.296084840882133,1.7585005187623186,0.20178415343700112,0.21468223862529165,4.917287321363919,5.743082330879306,3.7657450867258397,1.3831822431265293,0.0
09H048,3.0435641261929556,3.5977555236150387,2.3419201388477826,5.160980725970552,5.345174848743828,1.091028796973993,3.2866489617650996,2.83519218729899,4.710721625756035,3.3853152548806307,0.0,1.3109051394380398,5.321617236175334,6.346220467882373,3.6619972364003246,2.206731147924697,0.0
09H054,5.6312503028297405,4.609855863597685,4.915074363132742,5.114849866540111,5.521681713640054,1.5379742055151309,3.3468295630123275,2.1049197621060647,3.6034212332644713,3.6563235262971165,0.3795623787655601,0.0,4.945843717637982,5.915103911535812,4.669358952827036,2.180389575988809,0.0
09H057,5.2066715411917075,4.105590872034654,3.4615001048765004,5.39979008509276,4.699668496296321,1.5325220409904656,2.743469651152328,3.6315178672060826,4.707692555707458,3.3457456497762625,0.0,0.21520930579676326,5.569510743915228,5.103331059227069,3.6641812310639286,2.014085884489991,0.0
09H058,4.822612882499626,3.109236641679841,3.275755086220286,4.878306632684396,2.9225366397410646,1.22002142803592,1.193902720565079,5.050193084244171,3.1102817731752013,2.6246623694693905,0.0,0.0,4.240549506933357,5.234987579094636,3.2840767838825005,2.3523803594181993,0.0
09H066,5.620398261528642,2.5229120922391832,3.4081230288787006,4.092411080586447,0.9211335122810689,1.5237448099544997,0.8254150494516822,6.0374808193879685,2.6646598498635714,1.3463155058443996,0.5986227367108756,0.22379219795416083,5.640587682920084,5.602553240112835,0.9385015055897945,1.4661317183766835,0.0
09H078,4.335726330732247,1.2694786233069617,1.648134017570286,5.36582014565641,4.802835379161949,1.4339671293058998,2.2207604798452087,3.1916131637100555,2.4963900063359343,0.9452726467608304,0.0,0.13790873390125796,5.614912866244254,4.69479004047116,3.5718478036917105,1.6783636653223772,0.0
09H083,2.864080875739803,4.572518622107783,2.4765237105708935,5.82406944333321,6.158939136785025,1.4599185007300541,3.702734516079075,2.900454053477359,4.396805193534797,3.6704650579400555,0.10819278846142438,0.9036355402800168,5.404844488140391,6.28703531192306,4.664264517638968,2.802877830135856,0.0
09H084,5.510256608645474,4.096318286191257,2.4424093366022994,4.7221071791017994,5.337685700155131,1.490259851579673,2.9427939511782997,3.411613811757218,2.6456144147412965,3.533688481047418,0.0,0.4614097574003995,4.920199567627568,5.127571633426375,4.204537626294159,2.308281766494483,0.0
09H088,0.5081238042104951,0.8890330406611335,2.4466202731468725,4.954323264058716,2.161126270760503,1.2185774520438446,2.7418788585350984,2.418676792645667,0.9000820270846301,0.5983373488667492,0.0,0.28533480361015345,5.602234390730337,5.714730430969434,3.355787216781788,1.9241153725549764,0.0
09H090,1.9095039941570229,3.028981555812244,5.52387867482028,5.7230804739474515,3.5669059667676515,1.9461907787234856,3.5129693330443774,3.5919860129550125,2.3472265620381436,1.3244738236400602,0.0,0.09365734717215964,5.716027192355706,4.36481005967934,4.301283891369746,2.713041594772509,0.0
09H094,1.0607721846795757,3.6946017662585557,1.980964620643955,5.055870165593642,5.234800501953013,1.6778370656685042,3.511969301712193,2.947434856265538,3.8255126200684377,3.13852662058752,0.0,1.0008493195865316,4.8356970395277665,6.074408221516321,4.3232676553185145,2.4698513605140944,0.0
09H098,0.4490916676108188,4.100968704579527,0.46206259048771814,4.80444500697907,3.5541251415382273,0.6396972319765263,0.9998353904888966,3.2718861888005297,5.153570209151164,2.081857193100775,0.0,0.19361245890329343,2.8284768746118374,2.6117189679059734,2.7412971931521306,0.9686179299551375,0.0
09H111,0.27400198908173684,0.4981134219970583,0.4831318858422598,2.6406405100323203,0.9180924803587451,0.04997368402239492,2.1561981523049956,1.1266286027890393,0.523820087693635,1.6446219508763629,0.0,0.0,1.014939458345247,0.9565223545560164,0.8036343817013345,0.6628984914154604,0.0
09H113,6.3461401139412565,4.550178589333893,4.650193489622938,6.117465361263357,2.083293873321634,1.8735729072121379,1.2864134069220774,4.315810263406709,0.7519833731816484,2.7463605842865175,0.13555899785686795,0.34687616222234474,5.808947365026017,5.169057220036325,4.753345230746557,3.0142790888642463,0.0
09H115,2.1176690947506285,2.6389260550515297,4.971306420390332,5.4109688056782606,1.43450046591393,0.3449158001473125,2.0856067215609646,4.152295131340654,3.2115600887238,2.753250458380922,0.0,0.0,4.190420542564196,3.8230871227185723,3.3012608231960945,2.13614841627283,0.0
10H001,4.488489301884704,2.7382900502325467,3.0379969966954867,5.091034652234267,3.39404043333275,1.2632438017371916,2.025728218991158,4.427174250598531,1.0962608026432965,0.7229336042778942,0.0,0.3751605727899468,6.041350934580571,4.878150930226623,3.8563295910188966,2.0282639097606054,0.0
10H007,3.357701775350387,2.49541075114339,2.682841342066722,4.4323039490239555,4.440015938654775,0.47107785560484544,1.4777815762295656,4.561488080039245,4.0961923345707465,1.697430167680253,0.18598645699047467,0.19797145139485642,2.7751363225788506,4.246404976249855,2.6114884984258944,1.89140540234205,0.0
10H008,5.0669952183777305,4.251690946586936,4.241591330428341,4.718366336687414,3.2892381053422266,1.2233818799138358,2.5072885269174807,4.624281377111115,2.4305173613667996,0.9682351756325092,0.0,0.0,5.26544932024884,6.017063105606031,2.265755481607787,1.4093782315266505,0.0
10H026,0.2138974750946911,1.2220738449282862,0.5261653614414582,3.8475935761603774,0.9083098541054342,0.5358132930987193,1.1787207578358376,3.655648062189645,0.6458932486406476,0.8767537993678178,0.0,0.0,2.293301729168877,3.3399637044895103,2.0126519664414784,0.8654411648218706,0.0
10H030,5.171835441590732,2.159582658215571,0.5663484751275197,4.997731926169493,2.206381202261368,1.2517516495477372,0.4775497733237028,3.9612446950305515,2.6337969343111856,0.4835399425976632,0.08842945649017642,0.0,4.346870988864827,5.986631253010824,2.3173385618632474,1.6428538315772614,0.0
10H031,3.3140331649665256,4.884163690550684,2.792524150919531,3.9704952031146825,1.6357622972264378,0.6985446766545361,2.108863816208563,5.133710077183428,5.263798770918786,2.5703717987189836,0.0,0.0,2.718823816483598,3.9087656442565404,1.8003815050878917,1.3267765031203826,0.0
10H038,6.073943243071356,3.5989618244739736,2.1050475341094734,5.459515369270575,2.036573452526026,2.7306806140087443,1.963805236964515,2.2352580742593564,1.9938756306042027,2.4570933559141492,0.0,0.3221966227735643,5.493977257781379,5.348972032160195,3.637001186656361,2.2051564189873605,0.0
10H040,5.374814327046607,3.1473733919074487,0.17832592457285135,5.214093705070347,2.1963017154023703,1.5011559117829814,0.04662484722061847,1.3846425471727877,1.999180030140185,2.244334853741091,0.0,0.0,5.558964763729742,5.982292639105075,3.204558524232757,2.196641161489744,0.0
10H051,4.90117523878604,3.1648541477132945,1.961426401403326,5.410950435059197,3.719264135685813,0.7488099461455104,2.5823863465697583,4.178724843739361,1.6225079935284434,3.77175114754513,0.0,0.0,4.431421001296105,5.246369468134557,4.242701748143275,2.427921414921348,0.0
10H056,5.0135354820332285,2.8982700222388185,2.4273218340303764,5.18907200425503,4.788517193459478,0.7356398201759994,2.0558022863152052,4.113218375466853,0.6237366849903104,1.780309895426881,0.0,0.10091134139238156,5.2475725513992515,4.65686663591232,3.7570513119398625,1.4776170703687797,0.0
10H058,0.2489622222296863,0.3445056313927898,0.6121682746639374,5.290184045281083,1.984222998205914,0.24313248628921608,0.4176533915205861,3.422087075194717,0.4776633090527495,1.0172850009555567,0.0,0.09703446037596926,1.7808467635697978,0.9817574173892516,1.8441816074843105,0.7917732226201207,0.0
10H063,5.5375378280959815,4.2093998467855585,1.3188410366669603,4.547721545900016,3.669291273905427,1.7556219632962484,1.8655212521416373,5.294022976402293,3.1875561640716032,3.291803757585201,0.09065152098596091,0.8849234503707675,4.339858558214646,5.184094754624869,3.6861435937429494,2.305795170457804,0.0
10H072,0.5082299913833936,1.8096847667965104,0.9598188106156833,4.163383346337022,2.427123336609169,0.09671530934210695,0.8751943555659076,1.7229830361069012,1.2479894636831934,1.5911937988778722,0.0,0.08552349427368598,1.6402628971391828,3.500579768619544,2.1656151042841807,0.9215846218378214,0.0
10H078,0.435963735347156,0.3281316343398814,0.8480792935430569,2.449431976841791,1.223340731366815,0.05543039712191671,1.582821165728348,2.756274484646721,1.453101118128776,0.2260722281365432,0.0,0.0,1.1529052735189136,2.0507317245373327,0.7769029481629431,0.3110879001407242,0.0
10H089,3.907934940758948,1.4138295613346805,0.12107409908846482,6.036228838454746,2.6131512360702067,1.1537500341868887,0.2569100823892398,2.40270268304705,3.148777405549744,1.314171163961135,0.0,0.05973073475859143,5.236980298297357,5.515234363945766,3.1194806625007923,2.306186898453061,0.0
10H092,0.9811510055749946,3.5278891438456554,1.5290010152625024,5.285965152989852,5.485661988289846,0.5900085642102695,3.7530093003086513,1.1120680499627067,4.469747500308514,3.3551794862904747,0.0,1.6566318521666363,5.085102392382009,6.203899957455175,3.746475573233989,2.1637950141891276,0.0
10H095,0.7636078648357053,2.0201468805205067,5.48165832495561,5.791124784019926,4.576955531763894,1.698245616543995,3.1444124018011705,3.9558400555581317,4.363391393826138,2.00531697590429,0.0,0.7885099182519285,4.773165761841646,5.689310501078399,3.861781179564477,2.6044772238622604,0.0
10H101,1.174711663701458,3.9982965910169552,2.7013583837188366,5.503897508711721,4.238012261672423,2.0572709960169746,3.2264197009477997,2.7275925718591076,4.372843162478162,3.3706998987307637,0.0,0.7885178759770031,5.031249511700314,6.085736079900922,3.8959236091065272,2.125769418628867,0.0
10H109,1.3582659254556644,1.2035017581320089,4.742769700782724,5.329262883889777,3.2004893842443742,1.3359250365712634,3.950600176969768,3.0703878633433908,2.255169447380135,2.1065613612240113,0.0,0.0,4.952830168126128,6.389693627696214,4.313523537365111,3.0049531098534414,0.0
10H115,0.09114204601286392,2.2257295392369776,3.263226919224585,5.691867007009029,5.612485846977004,1.241974199094113,2.38698581285037,3.396241372034184,3.482668467735044,1.638862503776809,0.0,0.2875076934902299,5.319157494335854,6.402225690371421,3.431424497700054,1.6489395985210817,0.0
10H119,5.789552800016041,1.599171582440129,0.8865960414779875,5.033891479191826,2.5303803043086703,1.5879135818781867,0.24608480973827943,3.6635245032595014,1.7574400863142463,0.6194468804346814,0.0,0.0,4.428031159785373,5.289937455982359,2.11242140465187,1.6337992662865224,0.0
10H127,0.019605393830785075,5.863113447695772,1.3842086702319312,5.210618671960653,2.8312666903122565,0.18418292896800523,2.00780273569484,0.09619693381398088,5.531940460674661,1.3738249253595882,0.0,0.0,2.3888237165638104,4.811277731438796,2.1026709018526897,1.1186400300034782,0.0
10H130,3.42991638411016,2.923993028522352,1.49170530473332,4.166735931575868,1.9916262145017607,1.1080943907970437,0.8655363045182175,3.0474639579082448,2.5011215118853896,1.2584361423593426,0.0,0.3487068871726741,4.759818070915592,4.868554795115745,1.7613026157392053,0.7994888955907071,0.0
10H136,6.375061349692746,2.6346358464364865,0.2115239544002211,5.223043746153879,3.4227881807879452,1.7120139786823054,1.3246479823672177,2.100672393526484,3.6794615292978117,3.0601502941947594,0.0,0.0,5.32855924507965,5.92554609678688,3.788760481437184,1.6325160434287198,0.0
10H166,2.221523634323383,3.4507407421911815,3.0469129014127883,5.159999742375094,3.1443424119835477,0.667533318978947,3.199954458115328,3.637674976339963,3.001757706964183,2.747461027912101,0.0,0.3313500553347862,5.076015425729288,5.786237150697767,4.355983239680855,2.3537343957346955,0.0
10H173,3.6951684422150834,2.5684758040749993,0.060507496707485044,4.282521509086234,2.9841138556777733,0.5815174740853283,1.1098685093192904,3.702469341956424,2.7325877070745523,2.652531005716299,0.0,0.0,3.771175585007333,5.233540180710013,2.94951036033696,2.6015310062011783,0.0
10H174,5.163917844246129,3.899821900563308,4.042818326605595,4.517948941609392,4.046705946963765,0.21181104855111266,2.007568415642322,4.322724481940821,1.9258354549335495,2.1902303670389527,0.0,0.07605508269970296,4.795556926524216,4.176372270346534,3.5863355736664735,2.153403438428146,0.0
11H006,0.4655860303429635,1.6622546873364648,1.6563257156560958,4.272427747890857,2.8655394662238596,0.16258715613611907,1.6893148860317346,2.9322526905400244,0.8989230708288449,1.917502012886382,0.13535154529816076,0.0,3.014922138086746,4.39880737842218,2.8524490646688903,1.1933349389956933,0.0
11H009,2.657385900524026,2.060074574909648,3.3718031390617784,5.370557969268489,3.204957488144351,0.47092003582902936,2.699576400543292,4.100904155463016,2.2724293340409587,2.9321117385058217,0.0,0.8125187065000845,4.873467349503529,6.506472815183028,4.113469866388585,2.5254075509528997,0.0
11H014,4.594546225902963,2.3155451372550804,3.2208895533346196,5.285197273034342,1.9489691058791891,1.0617167855736918,3.287622477078076,3.013374771154021,1.8757592039676945,1.9744581047945375,0.0,1.1728215366869763,5.766582435813483,5.049752515448031,3.858842604013856,2.790076651929555,0.2948062257113509
11H017,3.809579475389855,4.067632515134695,2.3882092322580597,4.491271241870038,4.288679158740324,0.9372441877576254,1.6755932807091276,4.372069967808279,2.6762006798011497,2.895652259416155,0.0,0.44945704099196715,3.8100341796059483,5.111234328021061,3.6029846228648568,1.5769831473145723,0.0
11H021,5.7853121977612405,3.453811855190381,4.197562190986682,4.992256523032662,3.4203042920443223,1.3893547603311671,2.4671511150279297,3.8393761065641834,4.202504560584297,3.5705573516417877,0.0,0.6657383461154972,3.980765470112599,5.962181699475044,3.935897257687018,2.403738936345567,0.0
11H022,4.874749865666433,2.773978067604116,2.1270745104865547,4.165261709754526,2.284121163949602,0.9417229550973407,1.1343077534177701,5.7717531128168424,1.6270592955095562,1.0184494080056439,0.10443380564622107,0.0,5.2912467264207885,4.992723977490592,0.9716815627210129,0.795246422209791,0.0
11H027,3.031329952330633,1.3701535414297685,2.471125675005013,3.861470269743459,1.5511689042716796,0.14253782531261394,2.181800996392227,1.9226117437421608,2.8016252007794447,0.8541778975548642,0.0,0.0,3.574897387714838,4.842863916540356,2.849761353664953,0.992560303730389,0.0
11H044,4.68091028729884,4.302191206478946,1.3971923704060194,4.191146815172124,4.771466273261644,1.307110156017316,2.924218777248392,3.8292296753904425,3.3697854920113888,2.747611407314,0.0,0.0,4.44874671529274,4.7948133093923175,3.9784635908341084,2.060977740376,0.0
11H058,0.4568988391321279,3.346218667158146,1.760403575541292,5.76025104484072,3.360001005777153,1.1025702498519265,3.799981719152234,2.178300071479852,3.4303544602030343,3.207603883056368,0.0,0.6619945892835603,5.959486739465769,6.140995345898028,4.142380434072013,2.0259462833075714,0.0
11H072,1.5090294091934076,3.1606918559767823,1.3349051886158254,5.068239118038075,4.382277027636488,0.878876513975154,3.7103659847616006,2.6776459582370817,3.7143207526231627,3.108368474714273,0.0,1.7508977685775127,5.171705046820583,6.053301088817658,4.062638534502309,2.1727473405343325,0.0
11H083,0.9650254095359584,3.103200640223759,1.4055910488548808,4.855783399975999,5.0839436868625185,1.295168075776132,3.4352499227933615,1.9153044817127907,3.849551425789479,2.186740939074436,0.15762937710210317,0.5489570617142868,4.2208918412024605,6.081977937039619,4.037313037661983,1.7906185340578278,0.0
11H095,0.5359283759247943,4.797273396151947,1.0851628026571905,4.41089171998315,3.1595463954946634,0.08156437748403329,1.2943839628518699,2.390129871069052,4.829228862187284,2.0116630443044934,0.0,0.0,2.5092658634094023,3.910289831929666,1.9433582032894052,0.9948115390237714,0.0
11H097,4.9122223633565625,2.6194930207217775,3.7824234386134505,4.301371855468509,1.1601917700359783,1.7349976288692872,1.4620832204064838,4.700262063725433,4.194291246292038,1.9822217134828206,0.0,0.1710937496326224,3.8424693169813517,4.082512713616705,2.111461936721252,1.777030241224425,0.0
11H103,5.021148564330097,3.104741594963486,1.75796483299564,5.11250293821382,4.790744107473764,0.8242105466562717,2.119749192129309,3.9002529286436896,0.3217742833860031,2.7458726870061265,0.0,0.0,4.360891970404336,4.951076007808113,3.733578347453084,1.6669305435097035,0.0
11H104,4.162550137817369,2.049010902431296,0.9340096180725092,3.893048678185553,0.4276451806937108,0.49358122097189705,0.7855521610806242,5.851033825834147,0.964818218798719,1.003637804325384,0.0,0.0,5.122897263111016,4.860609706629386,1.292192071957436,0.9944294356207896,0.0
11H129,1.4520784410509546,0.5323760813295563,0.17878509876321638,2.5633010286617224,2.2018126446778665,0.22647318500977517,0.19681938688484385,0.9924792758840477,1.1536726192162414,0.5791834833404955,0.0,0.31474053589847,2.05767854420203,2.8424566111243927,1.1080781230188814,0.7340854748739911,0.0
11H140,5.313117902711205,3.07429530484259,3.309796628801758,3.943074670624822,4.545671106367138,1.659097916576336,1.3321223395978083,4.542147667411278,1.7560053860090297,1.0526520121106189,0.0,0.27197744317980965,5.486099884548345,5.779465938589679,2.4512916038179227,2.5620154139640268,0.0
11H142,0.2631123670177259,0.7358487503550947,4.130612405672607,5.811701961556091,6.247326746316726,1.7276769964353322,3.4002319492025306,1.6429174578599592,4.460509209617298,2.886888504703258,0.0,0.8098643284423492,5.815388352176653,6.636296105859107,4.051712175977467,2.5155446042162946,0.0
11H145,5.020167947711238,3.750178039301925,0.7474565841711843,5.349903217044748,4.912612691077923,1.2300427359945947,2.562920142126443,3.7276816256589367,3.0986293524401627,1.5623848866047347,0.0,0.5127113469879819,5.304834730896049,5.2013682100305925,3.5880018314524342,3.123944721392833,0.18108400747311523
11H151,1.4317879664934579,2.4102463383156993,2.568224410853871,4.779577114524505,3.4795212734653025,1.423085429581615,2.6050887718764524,3.020412517634171,2.843187912713642,2.4158339374022058,0.0,0.14643604834060722,4.710345686889043,5.492876168071913,3.3895561307168984,3.0405070837628956,0.15150597411688085
11H157,2.7062059752847216,3.2829873518331607,2.2613056648845156,5.053988319312317,5.105356552690129,1.4050912497268209,2.685943761252541,3.196009249147957,3.708068154591294,3.4495949096667644,0.0,0.9200900778714082,5.2484951081532465,6.435922415575719,3.6740825499845347,2.0449436227926197,0.0
11H160,4.894355543703526,3.60246018352372,2.364445873303711,4.78224893221126,2.6489262907811844,0.43336173994449345,2.4870199552490693,3.213370681566484,3.1869657723244877,2.6846871676525446,0.0,0.057042829875326224,3.418004913567271,4.961744302739539,3.3027688717420745,1.812612991326784,0.0
11H170,6.386304774076495,3.4224802382397206,2.6635601990628546,4.9582081869781955,2.8358762496438357,1.4117458000962393,2.4767570261249485,4.2567163680816975,4.982918899753021,3.2786327913435924,0.0,1.4876004843302288,6.177364843421452,5.43442448475599,3.6182005492035234,3.2298825211817865,0.0
11H175,6.2530084911202435,3.1316855518052034,2.138295563011389,4.754036931253438,3.9144191529598964,1.0376461325308688,0.35688692998537264,5.248904420226085,5.6796853732156425,1.0721099644050125,0.0,0.2591681317764693,4.996837781406793,4.755915782369724,2.507494782841564,2.2702674079610934,0.0
11H179,4.520463470185127,1.946601007845672,2.5601359886858233,3.7511495895131106,1.2280010553875695,0.9264608903888583,0.44883900162670354,5.882095705117837,1.2922938481034543,0.952303387541247,0.09993286383636603,0.0,4.893430973239867,4.723182558741445,0.7111473668085709,0.930905803662398,0.0
11H205,5.017431369919086,3.712757390974387,0.9539987237869609,3.6313659996654226,3.8334856295725657,0.5959362132219589,1.879157426242631,1.4556366541658612,1.9327458024228867,1.631630891785063,0.0,0.6250423339800485,3.4434641818087495,3.4544740207197355,3.815968694351841,1.688334222984224,0.11341501941387347
11H217,4.516459089080603,2.9093545725218464,2.1427555555042854,5.007898664606522,3.9015732976664204,1.1938110449351214,1.4806034942808537,3.369885500356414,2.0874413687643263,2.750537148243822,0.10433624292718276,0.7416232673137818,4.994325448655846,6.108795013606856,2.794899597958817,1.8442618728827542,0.0
11H231,2.623867840272829,3.5006903396069946,2.37907194274828,5.0476157692504025,5.71201103500196,0.93272606140435,3.2372271089072955,3.1358393067155736,4.223476423394132,2.643511524653286,0.0,0.4570319134352705,4.008554318706548,6.188683796868426,4.423974039064981,2.330879216747586,0.0
11H234,4.311730489264279,4.214287524415192,2.550424739330038,5.253254250739405,5.258329438330245,1.2381438438851238,3.3535073336509282,2.9334661771554753,3.7072370097461196,3.0069796293667923,0.0,0.2190951703675192,4.755794168969161,5.986781892835249,4.128511257526809,2.5409792076523963,0.0
11H240,4.802000244336154,3.562485064652994,2.5021101849793013,4.04530474714327,4.542715589890029,0.6169972834826082,2.622710133498138,4.326632637170867,2.0720552306001343,3.395857527287921,0.0,0.14091531695095688,3.706039632911123,4.337257665571436,3.02538271485257,2.869449225584908,0.0
12H007,0.6495982769344079,3.8612918996884575,1.7766533158947009,4.834441348079989,3.964434110323725,1.272054017575669,3.3820001922475327,1.888124756827771,3.090413370964256,3.001484850469348,0.0,0.6613127403787088,4.469469994620093,5.832352292739617,4.221828724226201,2.2027768028031893,0.0
12H012,4.92631865351939,3.0550396119951104,2.619323914310511,4.814355467071687,4.267599206734455,0.9762851006709712,2.223199266284228,3.3341897086053813,1.8994583235468192,1.744448408103643,0.0970125365082059,0.07021714961797569,3.9318661422525243,4.297929687520595,3.0052503630894942,1.1148229611256053,0.0
12H021,4.684088860566073,2.8458530395283437,0.2700465349923176,4.690795794840252,1.3574387014557234,1.2995274515519786,1.2579564338871667,4.644285961341443,4.402993859133338,2.520968635763177,0.0,0.7343601339673088,4.870117375446635,5.252478983250421,3.1019478271333445,2.0267574535784236,0.0
12H033,0.2928516742622285,0.4282461689603924,4.146278385048936,4.828935862095525,2.7308680631550697,0.5613962115278182,2.2377243616526905,2.628178438196587,2.2913611701260215,1.6702490484042851,0.0,0.06653610678481928,3.39361396539832,5.467802880900516,2.7702286501978235,1.41852682824245,0.0
12H039,4.894289856000783,2.11728217792922,0.024953677517395318,5.573453971711331,1.3593640329842387,1.3274112309052088,0.3182978820381895,0.9983089432026137,4.257957103188156,2.3190478334476827,0.0,0.0,5.5100310780009565,5.788540521041901,3.6410378197324493,1.7126922718301345,0.0
12H042,5.662291607277571,3.4334742956820814,1.1889896106484408,4.442292354993517,0.2533051515384666,1.598175504788117,0.7666417608304302,5.501456597385235,1.9435810327150023,1.2427546426163698,0.11527507769157558,0.0,4.997163066960311,5.413623164980923,0.6641748993047267,1.5896148245645916,0.0
12H044,5.291510278857572,3.63667532297893,3.0063689950338377,4.660693475435385,2.999912761706353,1.6580863397262624,1.3088787744682038,5.277494185147372,2.8629204769701264,1.6136949186848193,0.30362042493565455,0.0,5.192374279967873,5.137918556781643,0.9945234302250426,1.3418963877079595,0.0
12H045,6.189958792447954,2.4122134171744594,0.3046538261183705,4.882011805307498,3.074659574187643,1.465711222061918,1.0758828356653345,3.3115172000749333,4.089891588610659,1.1860942798894707,0.0,0.060289215861344655,5.2116411843154955,5.687259107516048,2.5275088556062593,2.396196800519006,0.0
12H055,0.23154952834034304,0.2782267652138756,0.37033886302582636,5.312073000302603,1.2431904050240772,0.06721827551030406,0.07720357429273841,2.8296931003893913,1.452718139397924,0.6493408270212735,0.0,0.0,0.6671397144399596,0.4154248725435692,1.6597592331332294,1.8865242613180635,0.0
12H056,1.8445489716747754,3.330451827401884,2.6203293192077863,5.313314086044951,6.080576061148536,1.1206567634753448,2.919079090617348,2.664303606820717,4.493368658263543,2.5724493793823875,0.0,0.44724758335530107,4.521282775227498,6.1439239155859555,4.342721383146518,2.4637543668897774,0.0
12H057,4.066134196634882,5.302056910214895,1.7636501800821933,5.034039290920635,3.5026228276354847,0.9053873550261153,3.209891440901648,3.5256488541585833,5.28743898233663,4.359315365904817,0.0,0.648008211220693,5.594508914253881,5.1177992950915545,4.784764478318936,2.2769802407464232,0.0
12H058,2.4206937303039675,1.6371606016953235,0.8227715899370845,3.9023524920174775,2.4163961404699754,0.5318471975747306,1.5362285878683222,4.824303010966129,1.7151073342725585,1.3921211077432667,0.0,0.0,2.7706190488672604,3.7182587966418255,2.3934295087102724,1.5758994197853604,0.0
12H079,4.394769736025763,2.033037686829355,4.501037377248456,6.219752545602797,4.554266893187225,0.9868995978446332,3.446464856101391,3.1539430502328116,1.2631783373884915,0.9725487670063471,0.0,0.08526559994778282,5.048431107654128,5.791553985862808,4.502448407346186,2.6522195104054562,0.0
12H091,0.32209061120269833,0.6304315590013416,3.57548114247068,4.159934126414655,1.8818394356814414,0.8466624024237677,1.6727168924700446,3.8808906924028923,0.9962314344185836,1.2839585441912418,0.0,0.0,4.228344954962677,5.6719974734606895,2.5941526046524626,1.6428464326092287,0.0
12H117,1.018692604080665,0.3535758512345166,0.04980445290920326,3.310822434079209,2.957346952791127,1.0477666502612801,0.11487298860946356,1.212981380991975,3.5001559618067177,0.550898425580721,0.0,0.07919831486782274,0.5006417834085324,0.9778173065826076,2.990424632068896,0.8384566198940971,0.0
12H124,3.002086159422288,2.4703671646743386,1.361062274726121,4.561079126897443,3.22393252592831,0.5478925655058697,1.7504676565946244,2.888271927768316,1.0973681147772871,2.4507668494738435,0.0,0.2782074015582397,3.6430947454233467,5.092011381073616,3.069474527833729,1.6848921395508138,0.0
12H149,5.90630514758628,3.620650933545125,1.9083094026475318,5.684323944852453,1.6364091718773022,1.282042433617057,2.386253152269389,2.3277873728990195,0.5132292978644829,2.1165799256754494,0.3109593490832826,0.16009320968069107,1.5084604018795587,0.7109978535536613,3.5347404909068265,2.7010592305895,0.0
12H165,6.019996237282805,3.629772794470985,4.676072812690769,4.899632802396871,2.291872040942669,1.443774699406164,1.5191748413503188,5.679659364374037,1.9283906462126825,1.8657496912260867,0.22242806532707474,0.0,5.598693692285133,5.402372136153219,1.0160162846969538,1.6621554249074026,0.0
12H166,5.342269756969708,1.162332821215517,0.03465107771663382,4.492535341843837,1.8640538180049622,1.4637869899809626,0.2804662143237904,2.6551724905612994,1.8951508466787446,0.9736287976029582,0.0,0.0,4.326624992815278,4.8941624725981,1.4812922689761623,2.081097196731501,0.0
12H170,3.7113532346381657,2.3681535317910565,0.9779807927218181,3.9443415330255958,4.047916803128835,0.5366301270719127,1.0670605146732592,3.760468016611703,2.6621557753637966,2.166573925783419,0.0,0.37443764608955404,5.015512057839599,4.178436836245974,2.870899779820411,1.0504854770471646,0.0
12H171,2.6207761995393932,3.3224696031852288,3.829891457674841,5.165231232885114,5.231625418608859,1.213159952572186,3.2262653707466042,3.4025292401622664,4.448174499057927,3.081998513680939,0.0,0.7021719080475526,4.388301897218122,6.182518251124366,4.019481815628679,2.6018772872941733,0.0
12H173,0.34466945020717593,3.1257067224987023,3.6727828658125463,5.2605993979740076,0.10829757545958583,1.226000395746363,3.204519740457425,4.204235843893311,2.735513183247149,1.7659152264153062,0.0,0.28430676535180505,5.107119178371804,4.771531915705352,4.6162602018300385,2.9160491804530326,0.0
12H175,2.5546281535507966,2.761491950915708,0.30594032053351644,6.215647423242227,1.4624693398794508,1.6957398616394974,0.16232459971227153,2.3815895467612678,0.9373647811997475,2.065413996173995,0.0,0.0,6.004815407774822,5.436400261467037,3.7005881297024943,2.2440755692000476,0.0
12H180,6.22239640700395,0.8533452788406283,0.8617876840572251,5.192590161667168,2.692112854915812,1.7649984368373774,0.62079353081435,3.5391086558622504,2.94416335472166,0.646357051220975,0.22396891687576806,0.1648736966291871,4.623707468366664,5.862709363923986,2.047437358542062,2.4812419140681965,0.0
12H183,6.12390537591869,0.8584350997220805,0.0889656489623775,4.213641893679481,1.7866804838452222,0.035943889696220324,0.46021820105985356,3.3773457359588197,1.0019918444174003,0.4729005777067914,0.0,0.08232760531116118,4.401078809577337,4.976297433773361,2.0777710843665838,2.0956122386258063,0.0
13H009,4.328478895791472,2.922168019524135,0.851575441774473,4.657108405019131,3.6612798133281195,1.0503513892247693,1.6940246516200508,3.4721623459584836,1.204294150771346,2.49152993486432,0.0,0.08356942487504311,4.482248526269218,4.8511289680420004,2.998731070932781,0.9582658269463314,0.0
13H018,3.730439202441591,2.130828724740109,3.8191083977889577,4.1824589436487996,3.8047608788494838,0.673080681166573,1.5508621425392737,4.913570896467848,1.5355043576092073,2.128803801924387,0.0,0.0,3.4858831974943025,3.308498034782355,2.738930921649768,1.7992062226992993,0.0
13H019,0.7467967383104244,2.132642360089558,0.9118191692814595,3.561775352752337,2.6147829005738896,0.15200663920990432,1.5619082152087613,3.319257887341878,1.540684997352553,1.5797018136431649,0.0,0.06572086318118027,1.450264216581522,4.2681067699529445,2.6605778630845145,1.2900625124458338,0.0
13H046,1.9541435605212334,2.2658684251762518,2.519900759768428,3.971782536057098,3.308231568799856,0.707165515833738,2.4905913407175735,2.6627345807413545,3.057740006446329,2.289153407181594,0.0,0.30868898301231656,3.086858450962593,4.89491621946746,3.6671591066520404,1.9451091881650577,0.0
13H048,4.962422268309627,2.2531788961913364,1.1467299155286037,4.681193164249024,3.027711257700816,1.9033295326831918,1.754596512359917,2.650195242142394,3.8781144231767333,3.415099533195724,0.8913970585501972,0.5579123978686276,4.8817727051044235,5.8237808320236875,3.4780811212723632,2.729418652014439,0.1770777372363262
13H053,0.15550896285862176,0.20559135322249078,1.7292816051857705,4.495186437233256,2.3911920205022383,0.2868992562108754,1.2666615073474554,1.5182925444074542,0.7902184674561336,1.4652479332242985,0.0,0.0,2.2201731802657587,4.555251908010045,2.3223218143460413,1.3330102502860373,0.0
13H056,4.953067567438261,4.077427313107578,3.6052176425456017,4.390347562446395,5.054774084086048,1.7400428560124581,2.5185593017065013,3.2910591649465433,1.5960382899612637,2.408152650709308,0.0,0.8319462911575217,5.031005472150107,5.577614693273414,3.7229963347435944,1.9380682524835535,0.0
13H058,5.12801538646781,1.553480189737872,0.14432546706518037,5.2425949645241285,1.3054996756709683,1.1059522522546192,0.25450492178569084,2.201259611421537,1.1066065321994512,2.1586979913693867,0.0,0.0,5.784313832254041,6.0244030129932655,3.2708872109286933,2.5457186433735823,0.0
13H065,1.129149323239365,2.74151902615642,1.2232838287983732,5.666588190448536,3.7676828546501064,1.6750572981870577,2.5098374078612586,2.520827646023753,3.482945640325818,3.4780063696746497,0.0,0.23661728851275313,4.574489464912164,3.3413603543622075,3.553284193133709,0.8563483051150481,0.0
13H066,4.4029618726543225,2.4687526166928526,0.900927574636842,3.7045041161480072,1.810026354694743,0.4440747184452692,1.581109060850466,3.6046649440791034,0.5554076427593196,0.9570141811012031,0.0,0.0,4.597836890138396,4.656993911120415,1.0843831956867092,0.9615374939832635,0.0
13H080,4.806201530001336,2.431767863494797,0.062222492239510256,4.920016751323419,2.65681815505353,1.2511475718531206,0.6029729614537872,2.251525944994915,1.1594202485435647,2.220815218333366,0.0,0.0,5.370039327122523,5.64935072297519,3.8642854642496807,1.957471131007589,0.0
13H100,5.331819075076942,2.9995508241257665,0.997368868084202,4.804778551100531,3.5439458435965174,0.23640300946114678,1.0552762317971895,4.400417181842438,0.6247522724792423,2.0084309839279673,0.13623949902553967,1.3386416076242356,5.14850238781376,4.744395605814909,3.878091787918549,1.5926879387852277,0.0
13H101,2.2269114197509485,2.5037392368549485,1.3579582242098802,4.167496450113488,4.4823519189855965,0.9082029103869041,2.601865406397992,2.2085713938163307,4.122331712796228,2.3726872109439534,0.0,0.30285963378613073,5.118190590152721,5.79089715308263,3.37434178681924,2.232429391234053,0.0
13H114,0.6758298721879513,3.6876301358440164,1.6868913416098434,5.073245375947828,5.372485547873414,0.5500223533797097,3.249841420364204,3.508633533004391,3.56719579064203,2.590113371904262,0.0,0.49759606286054225,4.772006705289339,6.09623282523931,3.7591965507502714,2.4887083596299266,0.0
13H120,5.0312959443192815,3.496336031086155,2.307998333169467,4.1135933362389405,1.0883448746122926,1.238954734874443,1.181233105870831,5.290188030178408,1.8103052046818988,0.5639701377865026,0.0,0.099709522574695,4.335206651785673,5.067649681715216,0.923155762538808,1.5069469658499999,0.0
13H139,0.29678665943844806,1.1324859763042212,6.113520587414189,5.2214256189124235,2.770517136661924,1.6802672273813373,3.1906884660136634,3.1197133673340676,3.7301132827159638,1.989292165254279,0.0,0.11502141840552067,5.201952546458573,5.988406694028919,4.117604656367991,2.386950705913826,0.0
13H150,5.94876058434704,3.2878720593864315,4.564001099130578,5.034852970405104,3.1005045394378663,1.2322169847982543,1.9761611936582508,4.141362168871653,3.6139704912039856,2.7963113305857505,0.0,0.07821580336195082,5.386206108827559,5.2582243661983075,4.610109090100878,2.380023230960942,0.0
13H158,4.96220242973534,1.5592621674199871,3.7693711685512734,5.362161323198773,3.593893788290712,2.252386158366176,1.3420392044400409,4.463341523604922,0.6485461318355366,3.7303742616299136,0.0,0.7745552759717348,5.906592762298729,5.854780605634003,3.2423040159194048,2.113262891266068,0.0
13H169,5.108862921248584,0.4419875041765528,0.12832971091122947,4.537376537784432,0.9677419096638096,1.5704520741079455,0.19688769530804362,4.615602702594709,2.172596555837698,0.2647674510296363,0.0,0.0,4.497456975044583,5.815700843549805,1.30025486902999,2.198782358033595,0.0
13H179,6.116443833542568,1.1424560160376351,0.5647601721545971,4.600766120261911,3.566739442156302,1.2213507318974517,0.22150380579080342,3.626927535927249,4.854273393662854,0.5738642689231734,0.0,0.0,3.8025285850853017,4.346858359120526,1.8930083740364838,2.156241802581034,0.0
13H185,4.355713198499978,2.8758856435054208,1.015090736921324,4.478400090815476,0.9814496419892773,0.9963121202669857,0.9583580410336503,4.530236096110138,1.9369648171507814,1.7220037780959168,0.0,0.0,4.042241552091631,3.5217865598366394,2.9024611279214834,2.0155564906286942,0.0
13H186,0.7604418486294474,2.7599883329585526,1.3706678965765242,4.757540476052493,3.829832140963054,1.1233238664344078,3.0719945007722687,3.046423592311397,4.150959629647534,2.5399363236461756,0.0,0.32950221349235403,4.419091987044298,5.987000774648175,4.210519546336706,2.0515428843531898,0.0
14H001,0.48984375428280336,2.4829764160222454,5.14444441300679,5.5256571572949165,2.816102905065548,1.1797925518291505,3.416096450007023,3.5033880445629704,3.595170934604959,1.9396944940411374,0.0,0.1814799441445387,4.90948328271106,5.949019359129459,3.688439936795305,2.290937323897079,0.0
14H007,1.8449370941406855,4.269908523088549,3.721441256770475,5.397367065791965,4.920613594463467,1.5983449818528994,3.83635803554647,3.298681789860878,4.223325360921637,3.8844223444451775,0.18790063375182547,0.7452632161587799,5.722187178226728,6.201863461419622,4.540477645691482,2.813583024653791,0.0
14H012,6.227714235267917,1.5094834871131415,0.20556262111964801,5.010494320149117,1.672569933068255,0.5675255525930114,0.524615879091025,2.718756854484731,3.1158632247636757,1.3442396347138394,0.11455839427218206,0.0,5.9240021335743664,3.928084838312676,2.0747648385602853,0.9174389417891736,0.0
14H015,2.238625758701291,3.556771255096901,1.3397572283104648,4.410235117776301,3.6998287044848457,0.6521318162682278,2.274956677458483,3.9275907725135526,2.7350856171727895,2.088216965947396,0.0,0.5575583447880956,4.048709835207926,5.420901578482789,3.067173930049107,1.986638939297746,0.0
14H017,5.787241611356189,3.4027633067407534,3.7575245418229604,5.3656008495394705,2.0348299387549758,2.038965780500809,2.3215762004199783,4.7802483474000965,1.8524914900995277,0.9873694356793603,0.1057843394562499,0.2143195722003642,3.865995848161379,4.484854046895891,3.1378122146711207,2.1066284123359487,0.0
14H019,5.8414316172552505,5.165010230483472,1.5740947684801858,5.1226924406649115,2.047312335006097,2.255863224313295,0.5293390610134848,1.543162653081563,0.3437339591113438,2.5378572047616297,0.0,0.7192564873006612,5.651729752714883,6.037612118758964,3.256451147465834,0.8693685878442646,0.0
14H020,0.19896841509957475,1.3821555114744677,2.9630357136800223,5.4766930673978,3.7216342884845157,1.2842353974301022,3.1987470670471847,2.3709424870010642,1.6464079070820783,1.7308252880324688,0.0,0.0,5.8973018808801445,5.046034822782454,3.681113954266774,2.471939380163497,0.0
14H023,4.861765854184675,3.315048703799131,3.112686124672395,3.2370995547997494,3.830585837306546,0.9508479222491698,2.2909325308217294,2.878224503608503,2.8954048436241173,2.3012234129745632,0.0,0.2822568209734568,4.632213975730665,4.59710947943915,3.0253310534746913,1.4362739093144217,0.0
14H038,5.281479785310763,4.404599881592565,0.47398971333505063,3.936839210156452,3.0070930467126757,0.9713544834187238,1.0763173790430813,3.561813626792134,2.5252336777095943,3.8603122315959193,0.0,0.1468450128906948,4.461292850821663,4.980064073583415,3.9309584901376615,2.199862260879418,0.0
