,AL731563.3,OFD1P18Y,CNTF,RBM17P1,RPSAP62,AC025259.1,IKZF1,FAM189A2,APBA1,MLEC,AL355877.3,CYB5RL,CACNA1A,VPS13A,RPS23P6,BANP,ZNF627
01H001,0.01703333929878037,0.0,0.0,1.0090257420869102,1.184123354239671,0.10380372095595687,0.0,0.012837224705172217,2.0420633494321563,0.0,0.0,1.4258601450778403,0.012837224705172217,0.0,0.11058971029924897,0.5705429398818975,0.09342168516223506
01H002,0.1846914308175988,0.0,0.0,0.6637009253896481,0.9057958803678685,0.012837224705172217,0.0,0.0,1.9492924014120256,0.0,0.0,1.1370374547895126,0.0,0.0,0.03342375548694973,0.33243845991560533,0.056904851336472634
02H003,0.28555730900777376,0.0,0.0,1.0191162904470727,0.865103974641128,0.021189299069938092,0.0,0.0,1.948706308904852,0.0,0.0,1.1861083798132053,0.004321373782642578,0.0,0.0,0.6222140229662952,0.13987908640123647
02H009,0.2671717284030138,0.0,0.0,0.8312296938670634,1.0056094453602804,0.06818586174616162,0.0,0.0,2.0581602034918296,0.03742649794062367,0.0,1.1231980750319988,0.04532297878665747,0.46834733041215726,0.0,0.5563025007672873,0.07188200730612536
02H017,0.292256071356476,0.0,0.0,0.667452952889954,1.1360860973840974,0.04139268515822507,0.0,0.0,2.153814864344529,0.0,0.0,1.1095785469043866,0.012837224705172217,0.0,0.0,0.38021124171160603,0.008600171761917567
02H025,0.10380372095595687,0.0,0.0,0.8082109729242221,0.9278834103307069,0.06445798922691845,0.0,0.0,1.9440382800544183,0.0,0.0,1.095169351431755,0.0,0.0,0.0,0.4548448600085102,0.02530586526477026
02H026,0.012837224705172217,0.0,0.0,0.6720978579357175,1.0737183503461227,0.01703333929878037,0.0,0.0,1.9238137210911896,0.0,0.0,1.132899769944483,0.004321373782642578,0.0,0.0,0.41995574848975786,0.0
02H033,0.07554696139253074,0.0,0.0,0.814913181275074,1.1058506743851435,0.0,0.0,0.0,2.1699681739968923,0.0,0.0,1.3856062735983121,0.004321373782642578,0.6222140229662952,0.0,0.6812412373755872,0.004321373782642578
02H043,0.3010299956639812,0.0,0.0,0.7895807121644255,0.829303772831025,0.0,0.0,0.0,2.0514226660890342,0.0,0.0,1.0751818546186915,0.01703333929878037,0.0,0.03342375548694973,0.5899496013257077,0.09342168516223506
02H046,0.7520484478194386,0.0,0.0,0.9153998352122699,1.2208922492195193,0.04532297878665747,0.0,0.0,2.198986805670933,0.0,0.0,1.2889196056617265,0.0,0.0,0.0,0.5774917998372253,0.09691001300805642
02H053,0.1205739312058499,0.0,0.0,0.6560982020128319,1.011570443597278,0.08635983067474821,0.0,0.0,1.988648125235751,0.0,0.0,0.9084850188786497,0.0,0.0,0.03342375548694973,0.75815462196739,0.03742649794062367
02H066,0.6085260335771941,0.0,0.0,0.7902851640332417,1.145196406114182,0.021189299069938092,0.0,0.0,2.0170750963760593,0.0,0.0,1.2415464805965484,0.012837224705172217,0.0,0.0,0.568201724066995,0.06818586174616162
03H016,0.05307844348341968,0.0,0.0,0.92272545799326,1.0549958615291415,0.021189299069938092,0.0,0.0,1.9075188461066293,0.0,0.0,1.2873537727147464,0.0,0.0,0.03742649794062367,0.42975228000240795,0.03342375548694973
03H022,0.28330122870354957,0.0,0.0,0.9986951583116558,1.2232362731029975,0.0,0.0,0.0,2.306896597539366,0.0,0.0,1.761927838420529,0.021189299069938092,0.0,0.13033376849500614,0.35410843914740087,0.0
03H024,0.1846914308175988,0.0,0.0,0.9041743682841635,1.0625819842281632,0.02530586526477026,0.0,0.0,2.0521165505499983,0.0,0.0,1.4795753101749884,0.0,0.0,0.029383777685209667,0.37106786227173627,0.18184358794477254
03H028,0.8061799739838872,0.0,0.0,0.7075701760979364,0.7708520116421442,0.03342375548694973,0.0,0.0,2.070665753453728,0.0,0.0,1.5250448070368452,0.004321373782642578,0.0,0.0,0.5634810853944107,0.012837224705172217
03H033,0.615950051656401,0.004321373782642578,0.004321373782642578,0.761927838420529,0.8698182079793282,0.01703333929878037,0.0,0.008600171761917567,1.9372168908627054,0.0,0.008600171761917567,1.1405080430381795,0.012837224705172217,0.0,0.021189299069938092,0.45636603312904306,0.12710479836480765
03H036,0.414973347970818,0.0,0.0,1.0523090996473234,1.5278875659527047,0.0,0.0,0.0,2.286254320828791,0.0,0.0,1.5486350598147516,0.11058971029924897,0.0,0.04532297878665747,0.7474118078864233,0.11058971029924897
03H041,0.13353890837021748,0.0,0.0,0.8475726591421122,1.159266331093494,0.029383777685209667,0.0,0.0,2.0825340528727136,0.0,0.0,1.330210784571528,0.008600171761917567,0.0,0.0,0.6263403673750424,0.03342375548694973
03H052,0.021189299069938092,0.0,0.012837224705172217,0.7201593034059569,0.8948696567452525,0.0,0.008600171761917567,0.0,1.9431976300689262,0.0,0.0,1.167317334748176,0.0,0.0,0.008600171761917567,0.45024910831936116,0.012837224705172217
03H060,0.03342375548694973,0.0,0.0,0.6720978579357175,0.7387805584843692,0.0,0.0,0.0,1.8321894610685132,0.0,0.0,1.3926969532596658,0.008600171761917567,0.0,0.0,0.30749603791321295,0.11394335230683678
03H065,0.18752072083646307,0.0,0.0,1.0461047872460387,0.6998377258672457,0.0,0.0,0.0,2.0653929615619915,0.0,0.0,1.4300750555519393,0.0,0.0,0.08635983067474821,0.5024271199844327,0.10380372095595687
03H067,0.08278537031645007,0.0,0.0,0.9360107957152095,1.0038911662369105,0.04921802267018165,0.0,0.0,1.9535180814449926,0.0,0.0,1.506505032404872,0.0,0.0,0.008600171761917567,0.5563025007672873,0.05307844348341968
03H070,0.6812412373755872,0.0,0.0,1.0453229787866574,1.4996870826184039,0.0,0.0,0.0,2.203658299456247,0.0,0.0,1.3821972103774536,0.008600171761917567,0.0,0.0,0.5599066250361124,0.03342375548694973
03H081,0.9390197764486665,0.0,0.0,1.2390490931401914,1.1872386198314788,0.07918124604762482,0.0,0.0,2.087887849492933,0.0,0.0,1.5663196215248114,0.008600171761917567,0.0,0.0,0.8597385661971468,0.13353890837021748
03H090,0.2528530309798932,0.0,0.0,0.9304395947667001,0.7803173121401513,0.021189299069938092,0.0,0.0,1.7635777244666453,0.0,0.0,1.469232742506612,0.0,0.0,0.0,0.7993405494535817,0.07188200730612536
03H095,0.03342375548694973,0.0,0.0,0.9294189257142927,1.0888445627270043,0.0,0.0,0.0,2.19122738187401,0.0,0.0,1.7327153403499929,0.012837224705172217,0.0,0.0,0.416640507338281,0.01703333929878037
03H109,0.3096301674258988,0.0,0.0,1.0346284566253203,1.2049335223541449,0.09342168516223506,0.0,0.0,2.1564885760500174,0.0,0.0,1.5524248457040855,0.021189299069938092,0.0,0.0,0.5854607295085006,0.07918124604762482
03H112,0.38021124171160603,0.0,0.0,0.8095597146352678,1.0534626049254554,0.07188200730612536,0.0,0.0,2.0860749539955252,0.0,0.0,1.2425414282983842,0.008600171761917567,0.0,0.0,0.5185139398778874,0.10037054511756291
03H116,0.6354837468149122,0.0,0.0,1.1248301494138593,1.4072208929273966,0.0,0.0,0.0,2.0091958535195213,0.0,0.0,1.7107095657243372,0.04532297878665747,0.421603926869831,0.0,0.9350031514536548,0.06818586174616162
03H119,0.1643528557844371,0.0,0.0,0.7678976160180907,1.0591846176313713,0.056904851336472634,0.0,0.0,2.0888799561080518,0.0,0.0,1.507855871695831,0.0,0.0,0.0,0.6354837468149122,0.1931245983544616
04H006,0.3053513694466238,0.0,0.0,0.8450980400142568,0.8767949762007006,0.021189299069938092,0.0,0.0,1.9197577805018942,0.0,0.0,1.3588862044058692,0.0,0.0,0.012837224705172217,0.8457180179666586,0.03742649794062367
04H024,0.2764618041732442,0.0,0.004321373782642578,0.9444826721501687,1.0409976924234905,0.06069784035361165,0.0,0.0,1.9116369331294423,0.0,0.0,1.5138831856110928,0.021189299069938092,0.0,0.0,0.6020599913279624,0.012837224705172217
04H025,0.5611013836490559,0.0,0.0,1.1395642661758498,1.2166935991697543,0.021189299069938092,0.0,0.0,2.0584260244570056,0.0,0.0,1.6566730458848502,0.08635983067474821,0.0,0.012837224705172217,0.670245853074124,0.056904851336472634
04H030,0.250420002308894,0.0,0.0,1.0301947853567512,1.2108533653148932,0.0,0.0,0.0,2.0133850177496853,0.0,0.0,1.652149605401653,0.021189299069938092,0.0,0.012837224705172217,0.5658478186735176,0.14921911265537988
04H039,0.08635983067474821,0.0,0.0,0.9052560487484512,0.7015679850559274,0.0,0.0,0.0,1.8516252031533091,0.0,0.0,2.1007495256898596,0.0,0.9731278535996987,0.0,0.0,0.03742649794062367
04H041,0.008600171761917567,0.0,0.0,1.0499928569201427,1.0457140589408676,0.021189299069938092,0.0,0.0,1.8872796345300231,0.0,0.0,1.4650852875574327,0.012837224705172217,0.0,0.0,0.557507201905658,0.012837224705172217
04H048,0.13353890837021748,0.0,0.0,1.1241780554746752,0.8579352647194289,0.02530586526477026,0.0,0.0,1.7823292689968369,0.0,0.0,1.599992177584098,0.02530586526477026,0.0,0.0,0.8790958795000727,0.16731733474817606
04H050,0.37839790094813763,0.0,0.0,1.0132586652835165,0.9845273133437926,0.012837224705172217,0.0,0.0,2.0025979807199086,0.0,0.0,1.9319153170812462,0.004321373782642578,0.0,0.01703333929878037,0.44404479591807633,0.021189299069938092
04H054,0.4623979978989561,0.0,0.0,0.7363965022766424,0.7151673578484579,0.08278537031645007,0.0,0.012837224705172217,1.9581336756762353,0.0,0.0,1.5238764756381313,0.008600171761917567,0.0,0.0,0.359835482339888,0.012837224705172217
04H061,0.34830486304816066,0.0,0.0,0.9344984512435677,0.8937617620579434,0.021189299069938092,0.0,0.0,1.834865579900038,0.0,0.0,1.4824447919182653,0.008600171761917567,0.0,0.06445798922691845,0.5440680443502757,0.15836249209524964
04H063,0.5490032620257879,0.0,0.0,1.0681858617461617,0.8621313793130372,0.03342375548694973,0.0,0.0,1.9522595365908204,0.0,0.0,1.7580030092997991,0.01703333929878037,0.0,0.07918124604762482,0.5237464668115644,0.02530586526477026
04H068,0.13987908640123647,0.0,0.0,1.404149249209695,1.0927206446840991,0.0,0.0,0.0,1.9524049395770244,0.0,0.0,1.6939906104607767,0.008600171761917567,0.0,0.06069784035361165,0.8260748027008264,0.04139268515822507
04H078,0.2764618041732442,0.0,0.004321373782642578,1.0644579892269186,0.9867717342662448,0.0,0.0,0.0,1.893928126542607,0.0,0.0,1.6742179455767,0.0,0.0,0.012837224705172217,0.6095944092252201,0.09342168516223506
04H080,0.07554696139253074,0.0,0.0,0.9395192526186185,1.1172712956557642,0.08635983067474821,0.0,0.0,2.1185292575317396,0.0,0.0,1.5455545072340648,0.03342375548694973,0.0,0.06069784035361165,0.3979400086720376,0.0
04H091,0.15836249209524964,0.0,0.0,1.0417873189717517,1.1586639808139894,0.09691001300805642,0.0,0.0,2.1977215222268653,0.0,0.0,1.6531159931655668,0.01703333929878037,0.0,0.0,0.4265112613645752,0.04921802267018165
04H101,0.320146286111054,0.0,0.0,1.1643528557844371,1.3010299956639813,0.0,0.0,0.0,2.0270232545887037,0.0,0.0,1.6744018128452818,0.0,0.0,0.0,0.436162647040756,0.02530586526477026
04H103,0.0,0.0,0.0,0.0,0.0,0.0,0.0,0.0,3.1592934172227443,0.0,0.0,0.0,0.0,0.0,0.0,0.0,0.0
04H108,0.31386722036915343,0.004321373782642578,0.0,1.105510184769974,1.4126285205443752,0.0,0.0,0.0,2.1498654530262615,0.0,0.0,1.5678494505731069,0.012837224705172217,0.0,0.06069784035361165,0.6776069527204931,0.06818586174616162
04H112,0.5843312243675307,0.0,0.0,0.8698182079793282,0.8970770032094203,0.029383777685209667,0.0,0.0,2.113241232432599,0.0,0.0,1.3941013020400446,0.02530586526477026,0.0,0.0,0.75815462196739,0.11394335230683678
04H117,0.3384564936046048,0.004321373782642578,0.0,0.9804578922761,1.024895960107485,0.0,0.0,0.0,1.8332108802826088,0.0,0.0,1.9447293603032958,0.04921802267018165,0.0,0.04532297878665747,0.7092699609758307,0.04532297878665747
04H120,0.5717088318086876,0.0,0.0,1.0166155475571774,1.0132586652835165,0.02530586526477026,0.0,0.0,1.866700756042499,0.0,0.0,1.658488381309017,0.008600171761917567,0.0,0.012837224705172217,0.5865873046717549,0.04139268515822507
04H123,0.03742649794062367,0.0,0.0,1.1723109685219542,1.24551266781415,0.0,0.0,0.0,2.243286146083446,0.0,0.0,1.3100557377508915,0.0,0.0,0.0,0.711807229041191,0.04532297878665747
04H132,0.4329692908744057,0.0,0.0,1.1360860973840974,1.2574385668598138,0.08635983067474821,0.0,0.0,2.0385804259615785,0.0,0.0,1.5020172148271473,0.07918124604762482,0.0,0.03742649794062367,0.7024305364455253,0.2576785748691845
04H133,0.4871383754771864,0.0,0.0,1.073351702386901,1.0791812460476249,0.03742649794062367,0.0,0.0,1.9363126336621932,0.0,0.0,1.582290682718994,0.029383777685209667,0.0,0.0,0.7817553746524689,0.07918124604762482
04H135,0.36172783601759284,0.0,0.0,1.301897717195208,1.2803506930460056,0.02530586526477026,0.0,0.0,2.0519239160461065,0.0,0.0,1.6943419103641812,0.01703333929878037,0.0,0.0,0.7551122663950712,0.320146286111054
04H138,0.07554696139253074,0.0,0.0,0.9772662124272926,1.0207754881935578,0.0,0.0,0.0,1.8898617212581885,0.0,0.0,1.6769678142947586,0.03342375548694973,0.0,0.0,0.5622928644564746,0.04532297878665747
04H140,0.34635297445063856,0.0,0.0,1.0216027160282422,1.1577588860468637,0.04532297878665747,0.0,0.0,2.0355097850895585,0.04921802267018165,0.0,1.6075622431835883,0.021189299069938092,0.7193312869837267,0.012837224705172217,0.6334684555795865,0.03342375548694973
05H008,0.10720996964786837,0.0,0.0,1.250907699700856,1.3946267642722092,0.0,0.0,0.0,2.113073893594208,0.0,0.0,1.7877437716464668,0.12385164096708583,0.0,0.01703333929878037,0.6839471307515121,0.02530586526477026
05H013,0.012837224705172217,0.0,0.0,1.2410481506716444,1.1408221801093106,0.0,0.0,0.0,1.957224057843167,0.0,0.0,1.5009222391903005,0.008600171761917567,0.0,0.18752072083646307,0.5105450102066121,0.03342375548694973
05H025,0.008600171761917567,0.0,0.0,0.9652017010259121,1.1420764610732848,0.021189299069938092,0.0,0.0,2.034307529596563,0.0,0.0,1.9455670534423886,0.0,0.0,0.029383777685209667,0.795184589682424,0.012837224705172217
05H030,0.5751878449276611,0.004321373782642578,0.0,1.2380461031287955,1.3868555291847242,0.029383777685209667,0.0,0.0,2.1367839631833645,0.0,0.0,1.7465563614103692,0.1205739312058499,0.0,0.0,0.6404814369704218,0.1367205671564068
05H034,0.1367205671564068,0.0,0.0,1.0685568950723632,1.2397998184470986,0.0,0.0,0.0,1.9460590603851236,0.0,0.0,1.6641717053619307,0.0,0.0,0.01703333929878037,0.6434526764861874,0.012837224705172217
05H042,0.48287358360875376,0.0,0.0,1.1464381352857747,1.1245042248342823,0.03742649794062367,0.0,0.0,2.096631975558161,0.0,0.0,1.6367886890343748,0.03742649794062367,0.0,0.03342375548694973,0.6354837468149122,0.05307844348341968
05H050,0.34830486304816066,0.0,0.0,0.9429995933660404,1.0220157398177203,0.10037054511756291,0.0,0.0,2.0040202732532415,0.0,0.0,1.437750562820388,0.021189299069938092,0.0,0.05307844348341968,0.5899496013257077,0.06069784035361165
05H054,0.41830129131974547,0.0,0.0,1.0696680969115957,1.1789769472931695,0.03342375548694973,0.0,0.0,1.930999941956152,0.0,0.0,1.4919217125861508,0.01703333929878037,0.0,0.03742649794062367,0.6757783416740851,0.04139268515822507
05H065,0.08990511143939793,0.0,0.0,1.1852587652965851,1.1482940974347458,0.0,0.0,0.0,2.0186588975855178,0.0,0.0,1.6595359071542164,0.008600171761917567,0.0,0.06445798922691845,0.6354837468149122,0.004321373782642578
05H066,0.34830486304816066,0.0,0.0,1.0149403497929366,1.0927206446840991,0.03742649794062367,0.0,0.0,1.8351830698490437,0.0,0.0,1.4181354984252321,0.01703333929878037,0.0,0.012837224705172217,0.711807229041191,0.04532297878665747
05H072,0.6655809910179531,0.0,0.0,1.0842186867392387,1.2460059040760292,0.0,0.0,0.0,2.1775942096478267,0.0,0.0,1.4050046650503694,0.03342375548694973,0.0,0.029383777685209667,0.8813846567705729,0.08635983067474821
05H078,0.24797326636180664,0.0,0.0,0.9623693356700211,0.9580858485210851,0.021189299069938092,0.008600171761917567,0.0,1.833848049531148,0.0,0.0,1.3348556896172916,0.021189299069938092,0.0,0.0,0.6646419755561255,0.08635983067474821
05H090,0.32428245529769273,0.0,0.0,0.9532763366673044,1.0107238653917732,0.02530586526477026,0.0,0.0,1.9069273473089559,0.0,0.0,1.4684950245070694,0.0,0.0,0.0,0.6364878963533654,0.06445798922691845
05H094,0.03342375548694973,0.0,0.0,1.1408221801093106,1.1489109931093564,0.0,0.0,0.0,1.9012948171655673,0.0,0.0,1.7231271587956916,0.0,0.0,0.0,0.8344207036815325,0.06445798922691845
05H097,0.2695129442179163,0.0,0.0,1.04883008652835,0.8135809885681919,0.0,0.0,0.0,1.9418094730088382,0.09691001300805642,0.0,2.12205196263325,0.0,0.0,0.012837224705172217,0.5263392773898441,0.02530586526477026
05H099,0.557507201905658,0.0,0.0,1.0017337128090005,0.9508514588885464,0.0,0.0,0.0,1.9743274354236169,0.0,0.0,1.6225248624035682,0.008600171761917567,0.0,0.01703333929878037,0.6580113966571124,0.13353890837021748
05H111,0.29885307640970665,0.0,0.0,1.2089785172762535,0.8463371121298052,0.0,0.0,0.0,1.9452223166353408,0.0,0.0,1.5949447366950833,0.03742649794062367,0.0,0.0,0.7817553746524689,0.08278537031645007
05H113,0.6875289612146344,0.0,0.004321373782642578,1.256717745977487,1.1989318699322091,0.021189299069938092,0.0,0.0,1.9317628884811777,0.0,0.0,1.6017341482601049,0.01703333929878037,0.012837224705172217,0.029383777685209667,0.8388490907372553,0.2304489213782739
05H118,0.5611013836490559,0.0,0.0,1.00774777800074,0.9237619608287003,0.0,0.0,0.0,2.018742095762382,0.0,0.0,1.5515719736742537,0.06445798922691845,0.0,0.029383777685209667,0.6803355134145632,0.23552844690754893
05H128,0.3384564936046048,0.0,0.0,1.3304137733491908,1.6681994841986618,0.02530586526477026,0.0,0.0,2.109342269637973,0.0,0.0,1.634578022853888,0.03342375548694973,0.0,0.03342375548694973,0.9786369483844743,0.07918124604762482
05H136,0.07188200730612536,0.0,0.012837224705172217,1.2357808703275603,1.1078880251827987,0.0,0.0,0.0,1.9389697972228903,0.0,0.0,1.656577291396114,0.012837224705172217,0.0,0.012837224705172217,0.4913616938342727,0.08990511143939793
05H143,0.6424645202421214,0.0,0.0,1.353916230920363,1.290034611362518,0.04532297878665747,0.0,0.0,2.1203435624380247,0.0,0.0,1.6787004349983041,0.04532297878665747,0.0,0.029383777685209667,0.8363241157067517,0.03342375548694973
05H149,0.20682587603184968,0.0,0.0,1.2137832993353042,0.8876173003357362,0.11394335230683678,0.0,0.0,1.8986703429655298,0.0,0.0,1.4902394852462872,0.06818586174616162,0.0,0.02530586526477026,0.8948696567452525,0.36172783601759284
05H163,0.14921911265537988,0.0,0.0,1.1495270137543478,1.0958664534785427,0.0,0.0,0.0,1.9759370424831106,0.0,0.0,1.6014080605346837,0.0,0.0,0.0,0.829303772831025,0.0
05H179,0.5263392773898441,0.0,0.0,1.3738311450738303,1.0689276116820718,0.03742649794062367,0.0,0.0,1.910944405749979,0.0,0.0,1.8047526021504605,0.004321373782642578,0.0,0.03342375548694973,0.6414741105040995,0.16136800223497488
05H181,0.021189299069938092,0.0,0.0,1.0236639181977936,1.1535099893008376,0.0,0.0,0.0,1.9126471062183172,0.0,0.0,1.576916955965207,0.012837224705172217,0.0,0.07554696139253074,0.6354837468149122,0.01703333929878037
05H184,0.7234556720351858,0.0,0.0,1.3207692283386865,1.089551882886454,0.0,0.0,0.0,2.0906459575733147,0.0,0.0,1.6891311972344978,0.008600171761917567,0.0,0.04921802267018165,0.6954816764901974,0.06069784035361165
05H193,0.9858753573083936,0.0,0.0,1.212986184736668,1.2643455070500924,0.03742649794062367,0.012837224705172217,0.0,2.0421027680373025,0.0,0.0,1.800648355363988,0.008600171761917567,0.0,0.01703333929878037,1.0013009330204181,0.05307844348341968
05H195,0.4578818967339924,0.0,0.0,1.3001605369513523,1.2405492482825997,0.021189299069938092,0.0,0.0,2.0372272345822746,0.0,0.0,1.6139474767803497,0.03742649794062367,0.0,0.012837224705172217,0.8419848045901139,0.22271647114758328
06H010,0.3364597338485295,0.0,0.0,1.1119342763326816,0.7573960287930241,0.05307844348341968,0.0,0.0,2.029505525426577,0.0,0.0,1.717670503002262,0.0,0.0,0.03342375548694973,0.8034571156484139,0.08635983067474821
06H011,0.3979400086720376,0.0,0.0,1.2119210843085093,1.3471347829100198,0.0,0.0,0.0,2.0865021989703694,0.0,0.0,1.7278664494674891,0.01703333929878037,0.0,0.0,0.5786392099680724,0.03742649794062367
06H019,0.292256071356476,0.0,0.0,1.3068537486930087,1.3588862044058692,0.0,0.0,0.0,1.9733126204529017,0.0,0.0,1.7057782128285977,0.008600171761917567,0.0,0.0,0.6095944092252201,0.08635983067474821
06H020,0.2576785748691845,0.0,0.0,1.1420764610732848,1.3191060593097763,0.021189299069938092,0.0,0.0,2.1096797692523346,0.0,0.0,1.697926444806505,0.0,0.0,0.04139268515822507,0.5453071164658241,0.08278537031645007
06H021,0.45024910831936116,0.0,0.0,1.0726174765452365,1.207095540419218,0.0,0.0,0.0,2.023293623036605,0.0,0.0,1.5520595341878844,0.008600171761917567,0.0,0.0,0.6665179805548809,0.03742649794062367
06H026,0.2695129442179163,0.0,0.0,1.0338256939533104,1.1574567681342256,0.0,0.0,0.0,2.074084689028244,0.06445798922691845,0.0,1.7241939195143297,0.008600171761917567,0.0,0.03742649794062367,0.6946051989335688,0.11058971029924897
06H028,0.7888751157754168,0.0,0.0,1.4402792132355882,1.5923988461155638,0.0,0.0,0.0,1.991757539534348,0.03342375548694973,0.0,1.7557986569738306,0.029383777685209667,0.0,0.01703333929878037,0.9498777040368748,0.11394335230683678
06H029,0.3856062735983121,0.0,0.0,1.0934216851622351,1.216957207361097,0.02530586526477026,0.0,0.0,2.141136090120739,0.0,0.0,1.8133808067338557,0.008600171761917567,0.0,0.012837224705172217,0.7895807121644255,0.021189299069938092
06H035,0.22530928172586287,0.0,0.0,1.0269416279590293,0.6821450763738318,0.0,0.0,0.0,1.901131251355372,0.0,0.0,1.6097011023793995,0.012837224705172217,0.0,0.03342375548694973,0.32428245529769273,0.04532297878665747
06H038,0.04921802267018165,0.0,0.0,1.0856472882968564,1.012415374762433,0.04532297878665747,0.0,0.0,1.816373888752362,0.0,0.0,1.6003193297516611,0.029383777685209667,0.0,0.0,0.6608654780038692,0.01703333929878037
06H045,0.06445798922691845,0.0,0.0,1.0441476208787228,0.7168377232995244,0.04532297878665747,0.0,0.0,1.8750612633917,0.0,0.0,1.5011962420270888,0.0,0.0,0.029383777685209667,0.9009130677376691,0.5037906830571811
06H048,0.07188200730612536,0.0,0.0,0.9982593384236987,1.1332194567324942,0.021189299069938092,0.0,0.0,1.9955474494751375,0.0,0.0,1.7934411329776636,0.021189299069938092,0.0,0.012837224705172217,0.5145477526602861,0.03342375548694973
06H066,0.36548798489089973,0.0,0.0,0.9556877503135057,0.9921114877869497,0.021189299069938092,0.0,0.0,2.1113633443251305,0.0,0.0,1.6211762817750353,0.012837224705172217,0.0,0.0,0.49831055378960054,0.06069784035361165
06H073,0.367355921026019,0.0,0.0,0.9680157139936417,1.2576785748691846,0.07188200730612536,0.0,0.0,2.040681439373358,0.0,0.0,1.6004283257321312,0.03342375548694973,0.0,0.0,0.7427251313046983,0.04532297878665747
06H074,0.056904851336472634,0.0,0.0,1.0923696996291206,1.2372923375674587,0.0,0.0,0.0,2.0725439856436476,0.0,0.0,1.4998244958395797,0.012837224705172217,0.0,0.012837224705172217,0.7505083948513462,0.0
06H075,0.6454222693490919,0.0,0.0,1.1580607939366052,1.3803921600570273,0.02530586526477026,0.0,0.0,1.838345268775991,0.0,0.0,1.7641761323903307,0.008600171761917567,0.0,0.01703333929878037,0.9084850188786497,0.04921802267018165
06H077,0.09342168516223506,0.0,0.0,0.8494194137968993,0.8221680793680175,0.0,0.0,0.0,1.885078384149224,0.0,0.0,1.7281101841003406,0.01703333929878037,0.0,0.0,0.36921585741014284,0.012837224705172217
06H088,0.32428245529769273,0.0,0.0,1.049605612594973,1.153814864344529,0.0,0.0,0.0,1.9013493254156424,0.0,0.0,1.5547313766759665,0.008600171761917567,0.0,0.01703333929878037,0.7442929831226762,0.05307844348341968
06H089,0.5786392099680724,0.0,0.0,1.1758016328482794,1.0773679052841565,0.0,0.0,0.0,2.138113146487167,0.0,0.0,1.761551988564182,0.021189299069938092,0.0,0.0,0.8344207036815325,0.08635983067474821
06H099,0.4899584794248346,0.0,0.0,0.8802417758954804,0.7379873263334308,0.02530586526477026,0.0,0.0,1.8795546009389743,0.0,0.0,1.4072208929273966,0.0,0.0,0.0,0.7693773260761385,0.056904851336472634
06H103,0.4756711883244297,0.0,0.0,0.9116901587538612,0.42324587393680785,0.0,0.0,0.0,1.7006171956820568,0.0,0.0,1.3778524190067545,0.0,0.0,0.06445798922691845,0.7007037171450193,0.38021124171160603
06H106,0.4623979978989561,0.0,0.0,1.0595634179012676,0.7512791039833423,0.0,0.0,0.0,1.8797837800904158,0.0,0.0,1.5482665451707454,0.03742649794062367,0.0,0.029383777685209667,0.6812412373755872,0.0
06H115,0.46686762035410945,0.0,0.0,1.236789099409293,1.1501421618485586,0.021189299069938092,0.0,0.0,1.9843472575858638,0.0,0.0,1.6259294927162946,0.012837224705172217,0.421603926869831,0.012837224705172217,0.541579243946581,0.08635983067474821
06H117,0.1931245983544616,0.0,0.0,1.0923696996291206,1.2866809693549301,0.0,0.0,0.0,1.97570746353718,0.0,0.0,1.6126779183165019,0.021189299069938092,0.0,0.0,0.4517864355242902,0.04139268515822507
06H133,0.056904851336472634,0.0,0.0,1.321805483857539,1.3374592612906562,0.0,0.0,0.0,2.0496443525692998,0.0,0.0,1.7826875682349663,0.0,0.0,0.01703333929878037,0.6848453616444125,0.10037054511756291
06H144,0.5670263661590604,0.0,0.0,1.319314304090512,0.7481880270062005,0.0,0.0,0.0,1.7212333700172775,0.0,0.0,1.539577883345309,0.01703333929878037,0.0,0.04532297878665747,0.6998377258672457,0.16136800223497488
06H146,0.30319605742048883,0.0,0.0,1.0136796972911926,0.7387805584843692,0.0,0.0,0.0,1.875928984922927,0.0,0.0,1.6880636969463443,0.008600171761917567,0.0,0.012837224705172217,0.7450747915820575,0.35410843914740087
06H151,0.29885307640970665,0.0,0.004321373782642578,1.1574567681342256,1.1829849670035817,0.18184358794477254,0.0,0.0,1.9801397777457543,0.0,0.0,1.5928426831311002,0.0,0.0,0.04139268515822507,0.6655809910179531,0.17609125905568124
07H003,0.07554696139253074,0.0,0.0,1.3234583668494677,1.342817314635733,0.02530586526477026,0.0,0.0,2.0099605314705973,0.03742649794062367,0.0,1.8071966607109473,0.029383777685209667,0.0,0.01703333929878037,0.5751878449276611,0.02530586526477026
07H005,0.5563025007672873,0.004321373782642578,0.0,1.3928727454020795,1.1293675957229856,0.0,0.012837224705172217,0.0,2.00552369267328,0.0,0.0,1.7195798577137233,0.01703333929878037,0.0,0.029383777685209667,0.8095597146352678,0.06445798922691845
07H009,0.029383777685209667,0.0,0.012837224705172217,1.4951278812429332,0.9740509027928773,0.0,0.012837224705172217,0.0,1.7913397039651395,0.0,0.021189299069938092,1.5553363279952668,0.0,0.0,0.1367205671564068,0.39093510710337914,0.029383777685209667
07H019,0.06069784035361165,0.0,0.0,0.9350031514536548,1.163757523981956,0.0,0.0,0.0,2.0885613117912154,0.0,0.0,1.5488805626375148,0.021189299069938092,0.0,0.0,0.4941545940184428,0.01703333929878037
07H020,0.06445798922691845,0.0,0.0,1.2626883443016965,1.1231980750319988,0.01703333929878037,0.0,0.0,1.9927743642553555,0.0,0.0,1.6327608884794387,0.004321373782642578,0.45331834004703764,0.0,0.9319661147281727,0.26481782300953643
07H024,0.08278537031645007,0.0,0.0,1.0261245167454502,0.7363965022766424,0.0,0.0,0.0,2.044735697450507,0.0,0.0,2.355968457653611,0.0,0.0,0.008600171761917567,0.5538830266438743,0.029383777685209667
07H034,0.0,0.0,0.0,0.0,0.0,0.0,0.0,0.0,0.0,0.0,0.0,0.0,0.0,0.0,0.0,0.0,0.0
07H041,0.06818586174616162,0.0,0.0,0.9561684304753633,1.1139433523068367,0.06069784035361165,0.0,0.0,2.151216578856456,0.0,0.0,1.5556988947189014,0.01703333929878037,0.0,0.04139268515822507,0.8034571156484139,0.0
07H042,0.22530928172586287,0.0,0.0,1.1892094895823062,1.1261314072619844,0.03342375548694973,0.0,0.0,1.9798669225649028,0.0,0.0,1.6429588794097907,0.0,0.0,0.0,0.8155777483242672,0.09342168516223506
07H043,0.1553360374650618,0.0,0.0,1.0293837776852097,1.1812717715594616,0.0,0.0,0.0,1.9986080293150943,0.0,0.0,1.5776066773625357,0.008600171761917567,0.6794278966121188,0.01703333929878037,0.5854607295085006,0.02530586526477026
07H045,0.04139268515822507,0.0,0.012837224705172217,1.1082266563749286,0.9175055095525466,0.029383777685209667,0.0,0.0,1.9574636157299312,0.0,0.0,1.4611982886224932,0.029383777685209667,0.0,0.021189299069938092,1.1861083798132053,0.04921802267018165
07H052,0.20951501454263097,0.0,0.0,0.7730546933642626,0.9978230807457255,0.04139268515822507,0.0,0.0,1.8101652845431497,0.0,0.0,1.4868553552769432,0.021189299069938092,0.36361197989214433,0.02530586526477026,0.25527250510330607,0.029383777685209667
07H055,0.06818586174616162,0.0,0.0,1.2116544005531824,1.0449315461491602,0.05307844348341968,0.0,0.0,1.8719813538433694,0.0,0.0,1.400192488592576,0.008600171761917567,0.0,0.13987908640123647,0.5693739096150459,0.04921802267018165
07H062,0.5728716022004803,0.0,0.008600171761917567,1.1354506993455138,1.0257153839013406,0.1205739312058499,0.0,0.0,2.0370677580425576,0.0,0.0,1.717004407040547,0.05307844348341968,0.0,0.021189299069938092,0.8075350280688532,0.14921911265537988
07H069,0.6095944092252201,0.0,0.0,1.2574385668598138,0.9790929006383263,0.0,0.0,0.0,1.9222062774390163,0.0,0.0,1.6164755138885656,0.02530586526477026,0.8048206787211624,0.04532297878665747,0.9836262871245346,0.03342375548694973
07H082,0.2787536009528289,0.0,0.0,0.9503648543761231,0.9590413923210935,0.0,0.0,0.0,1.9232440186302764,0.0,0.0,1.714413592287121,0.008600171761917567,0.0,0.0,0.5622928644564746,0.004321373782642578
07H089,0.38381536598043126,0.0,0.0,1.3550682063488506,1.2180100429843634,0.0,0.0,0.0,2.0248139326293106,0.0,0.0,1.6775157047987574,0.04921802267018165,0.0,0.021189299069938092,0.909020854211156,0.20682587603184968
07H095,0.35410843914740087,0.0,0.0,1.0696680969115957,1.2062860444124324,0.0,0.0,0.0,2.069963937850763,0.0,0.0,1.3872118003137306,0.04921802267018165,0.0,0.0,0.8621313793130372,0.08635983067474821
07H098,0.38021124171160603,0.0,0.0,1.1344958558346736,0.9768083373380663,0.01703333929878037,0.0,0.0,1.9585638832219674,0.0,0.0,1.800166990201364,0.012837224705172217,0.0,0.0,0.6560982020128319,0.01703333929878037
07H099,0.06818586174616162,0.0,0.0,1.3023309286843994,1.0277572046905534,0.0,0.0,0.0,2.099266172031917,0.0,0.0,1.6146863422820126,0.0,0.0,0.0,0.6910814921229684,0.1931245983544616
07H106,0.44404479591807633,0.0,0.0,0.9854264740830017,0.35024801833416286,0.04532297878665747,0.0,0.0,1.662757831681574,0.0,0.0,1.5365584425715302,0.0,0.0,0.012837224705172217,0.6283889300503115,0.12710479836480765
07H107,0.49968708261840383,0.0,0.0,1.2195845262142546,1.0457140589408676,0.0,0.0,0.0,1.8872796345300231,0.0,0.0,1.4742162640762553,0.008600171761917567,0.7589118923979735,0.01703333929878037,0.8609366207000937,0.13033376849500614
07H112,0.29885307640970665,0.0,0.0,1.4413808849165113,1.1228709228644356,0.0,0.0,0.0,2.036628895362161,0.0,0.0,1.764699063798368,0.0,0.0,0.0,0.7134905430939424,0.07918124604762482
07H117,0.12710479836480765,0.0,0.0,0.5390760987927766,0.23552844690754893,0.021189299069938092,0.0,0.0,1.6874397745458942,0.0,0.0,0.7881683711411677,0.0,0.0,0.08635983067474821,0.3891660843645325,0.02530586526477026
07H124,0.7781512503836436,0.0,0.0,1.2011238972073794,0.9498777040368748,0.0,0.0,0.0,1.954387250144515,0.0,0.0,1.6650178254124726,0.01703333929878037,0.0,0.0,0.7558748556724915,0.20682587603184968
07H125,0.5078558716958309,0.0,0.0,1.307496037913213,1.4520932490177314,0.0,0.0,0.0,2.039969026867461,0.0,0.0,1.725094521081469,0.008600171761917567,0.0,0.03342375548694973,0.8182258936139555,0.15836249209524964
07H131,0.421603926869831,0.0,0.0,0.9425041061680807,0.9508514588885464,0.0,0.0,0.0,1.963835030702148,0.0,0.0,1.3636119798921444,0.008600171761917567,0.0,0.012837224705172217,0.8965262174895553,0.07188200730612536
07H133,0.5514499979728752,0.0,0.0,1.2543063323312855,1.236789099409293,0.0,0.0,0.0,2.010596736206525,0.0,0.0,1.5725230978496376,0.04139268515822507,0.0,0.01703333929878037,0.7558748556724915,0.13987908640123647
07H134,0.03342375548694973,0.0,0.0,1.2579184503140584,1.105510184769974,0.0,0.0,0.0,1.9251057268096639,0.0,0.0,1.6415732531781755,0.0,0.0,0.03342375548694973,0.651278013998144,0.03742649794062367
07H135,0.8228216453031046,0.0,0.0,1.1699681739968923,1.1072099696478683,0.02530586526477026,0.0,0.0,1.9472376078706664,0.0,0.0,1.6706168864003255,0.04532297878665747,0.0,0.04532297878665747,0.8609366207000937,0.22271647114758328
07H137,0.4014005407815441,0.0,0.0,1.1082266563749286,1.0572856444182146,0.03742649794062367,0.0,0.0,2.09377178149873,0.0,0.0,1.6536947953150818,0.05307844348341968,0.0,0.0,0.5976951859255123,0.021189299069938092
07H144,0.24303804868629442,0.0,0.0,1.021189299069938,1.1553360374650619,0.03742649794062367,0.0,0.0,2.0429690733931802,0.0,0.0,1.6374897295125106,0.01703333929878037,0.0,0.02530586526477026,0.6875289612146344,0.10037054511756291
07H148,0.31806333496276157,0.0,0.0,1.1383026981662814,1.3749315539781881,0.021189299069938092,0.0,0.0,2.144325078400488,0.0,0.0,1.9824069288637947,0.021189299069938092,0.0,0.0,0.534026106056135,0.07188200730612536
07H151,0.33243845991560533,0.0,0.0,1.2089785172762535,1.3334472744967505,0.0,0.0,0.0,1.9719712763997563,0.0,0.0,1.4169731726030363,0.008600171761917567,0.0,0.0,0.7512791039833423,0.06445798922691845
07H152,0.4638929889859073,0.0,0.0,1.2699796766453237,1.2312146479626012,0.05307844348341968,0.0,0.012837224705172217,2.022840610876528,0.0,0.0,1.7057782128285977,0.0,0.0,0.0,0.7481880270062005,0.15228834438305647
07H156,0.2576785748691845,0.0,0.0,1.250175948083925,1.4625477288026643,0.0,0.0,0.0,2.0867512312420566,0.0,0.0,1.8066547239918604,0.01703333929878037,0.0,0.0,0.6866362692622934,0.11727129565576427
07H158,0.46834733041215726,0.0,0.0,1.3432115901797474,1.3077099234048066,0.07918124604762482,0.0,0.0,1.966939163021113,0.0,0.0,1.7158362751649938,0.04532297878665747,0.0,0.01703333929878037,0.9995654882259823,0.11394335230683678
07H160,0.20682587603184968,0.0,0.0,1.0073209529227445,1.3012470886362115,0.0,0.0,0.0,2.107989642267512,0.06445798922691845,0.0,1.2785249647370176,0.01703333929878037,0.0,0.0,0.7347998295888469,0.08278537031645007
08H004,0.008600171761917567,0.0,0.0,1.2407987711173312,1.2193225084193366,0.0,0.0,0.0,1.8998751960210107,0.0,0.0,1.7753191218294775,0.0,0.0,0.1367205671564068,0.2576785748691845,0.0
08H011,0.05307844348341968,0.0,0.0,1.037027879755775,1.4595432582804129,0.06445798922691845,0.0,0.0,2.0154435879511023,0.0,0.0,1.4638929889859074,0.0,0.42813479402878873,0.0,0.6551384348113821,0.008600171761917567
08H012,0.5831987739686227,0.0,0.0,1.196452541703389,0.7024305364455253,0.15836249209524964,0.0,0.0,1.8694664100808664,0.0,0.0,1.3921691494897361,0.03742649794062367,0.0,0.0,0.725094521081469,0.11058971029924897
08H021,0.07188200730612536,0.0,0.0,1.003029470553618,1.1550322287909702,0.03742649794062367,0.0,0.0,1.9355576450930139,0.04139268515822507,0.0,1.4994121256722754,0.012837224705172217,0.0,0.02530586526477026,0.8413594704548549,0.04139268515822507
08H033,0.0,0.0,0.0,0.0,0.0,0.0,0.0,0.0,0.0,0.0,0.0,0.0,0.0,0.0,0.0,0.0,0.0
08H034,0.4653828514484183,0.0,0.0,0.9319661147281727,0.5820633629117087,0.03342375548694973,0.0,0.0,1.9031442704095385,0.0,0.0,1.5900612308037425,0.04921802267018165,0.0,0.0,0.5943925503754267,0.08990511143939793
08H042,0.18752072083646307,0.0,0.0,1.00774777800074,0.9680157139936417,0.01703333929878037,0.0,0.0,2.190807760131902,0.0,0.0,1.3529539117100877,0.0,0.0,0.0,0.6354837468149122,0.04532297878665747
08H048,0.1367205671564068,0.0,0.0,0.9921114877869497,1.1568519010700111,0.021189299069938092,0.0,0.0,2.051692641798037,0.0,0.0,1.6162654052817083,0.012837224705172217,0.0,0.0,0.7723217067229198,0.04139268515822507
08H049,0.021189299069938092,0.0,0.0,1.17868923977559,1.1784013415337553,0.06069784035361165,0.0,0.0,1.8996016591461222,0.0,0.0,1.6221103603612195,0.0,0.0,0.07188200730612536,0.3944516808262163,0.021189299069938092
08H050,0.21748394421390624,0.0,0.0,1.2301933788690456,0.8609366207000937,0.02530586526477026,0.0,0.0,1.8851915406068478,0.0,0.0,1.5100085129402347,0.008600171761917567,0.0,0.03342375548694973,0.785329835010767,0.06069784035361165
08H054,0.403120521175818,0.0,0.0,0.9903388547876014,0.3856062735983121,0.01703333929878037,0.0,0.0,1.9031985470429784,0.0,0.0,1.9251573271758986,0.008600171761917567,0.0,0.0,0.5843312243675307,0.021189299069938092
08H055,0.12385164096708583,0.0,0.0,1.1277525158329733,0.9454685851318197,0.0,0.0,0.0,1.9835360816029923,0.0,0.0,2.109240968588203,0.008600171761917567,0.0,0.012837224705172217,0.7084209001347128,0.012837224705172217
08H056,0.44560420327359757,0.0,0.0,1.1248301494138593,1.1835545336188615,0.04532297878665747,0.0,0.0,2.2458826475172615,0.0,0.0,1.6048737705526357,0.0,0.0,0.012837224705172217,0.8088858673598122,0.07188200730612536
08H062,0.0,0.0,0.0,0.0,0.0,0.0,0.0,0.0,0.0,0.0,0.0,0.0,0.0,0.0,0.0,0.0,0.0
08H063,0.11058971029924897,0.0,0.0,1.2335037603411345,1.3481100684802376,0.0,0.0,0.0,2.1253185781235264,0.0,0.0,1.7215633183574808,0.04921802267018165,0.0,0.0,0.0,0.04532297878665747
08H065,0.30749603791321295,0.0,0.0,1.1693804953119495,1.1027766148834413,0.02530586526477026,0.0,0.0,1.9879342652321585,0.0,0.0,1.7005306569785916,0.029383777685209667,0.6946051989335688,0.01703333929878037,0.9916690073799486,0.07188200730612536
08H072,0.3729120029701066,0.0,0.0,1.0681858617461617,1.1010593549081156,0.0,0.0,0.0,2.055148889889394,0.0,0.0,1.5746099413401873,0.012837224705172217,0.0,0.021189299069938092,0.5658478186735176,0.07188200730612536
08H081,0.13353890837021748,0.0,0.0,1.0773679052841565,1.2494429614425822,0.08990511143939793,0.0,0.0,1.9587549498690895,0.0,0.0,1.675228253593064,0.004321373782642578,0.0,0.008600171761917567,0.4409090820652177,0.07554696139253074
08H082,0.6232492903979004,0.0,0.0,1.4065401804339552,1.3942765267678214,0.0,0.0,0.0,2.0331019366638476,0.0,0.0,1.653791187387812,0.056904851336472634,0.0,0.0,0.9211660506377387,0.3096301674258988
08H085,0.33041377334919075,0.0,0.0,1.5089335260500327,1.0293837776852097,0.0,0.0,0.0,2.1843506740469563,0.0,0.0,1.8729134416203952,0.012837224705172217,0.0,0.021189299069938092,0.4065401804339551,0.008600171761917567
08H087,0.4487063199050799,0.0,0.0,1.1222158782728267,0.8356905714924255,0.0,0.0,0.0,1.8409212001987718,0.0,0.0,2.0299516420368406,0.04139268515822507,0.0,0.0,0.6618126855372612,0.13033376849500614
08H089,0.029383777685209667,0.0,0.0,0.9523080096621253,0.9656719712201067,0.06069784035361165,0.0,0.0,1.9731740526829722,0.0,0.0,1.5211380837040362,0.0,0.0,0.021189299069938092,0.5145477526602861,0.029383777685209667
08H099,0.15836249209524964,0.0,0.0,1.1872386198314788,0.9111576087399766,0.021189299069938092,0.0,0.0,1.9361114316748542,0.0,0.0,1.6469915374771225,0.008600171761917567,0.0,0.0,0.4756711883244297,0.08278537031645007
08H104,0.07188200730612536,0.0,0.0,1.074450718954591,1.0417873189717517,0.0,0.0,0.0,2.115377494279117,0.0,0.0,1.6178387477170033,0.01703333929878037,0.0,0.03342375548694973,0.5185139398778874,0.012837224705172217
08H112,0.5751878449276611,0.0,0.004321373782642578,1.0715138050950892,0.4548448600085102,0.01703333929878037,0.0,0.0,1.7795964912578246,0.0,0.0,1.6083120426973272,0.0,0.0,0.008600171761917567,0.6693168805661122,0.12385164096708583
08H113,0.5132176000679389,0.0,0.0,1.1553360374650619,1.3010299956639813,0.04532297878665747,0.0,0.0,2.091315159697223,0.0,0.0,1.5211380837040362,0.021189299069938092,0.0,0.012837224705172217,0.5797835966168101,0.06069784035361165
08H118,0.7551122663950712,0.0,0.0,1.2574385668598138,0.6830470382388496,0.056904851336472634,0.0,0.0,1.8640955734242475,0.0,0.0,1.682506085939011,0.04139268515822507,0.0,0.0,0.6541765418779605,0.23552844690754893
08H139,0.021189299069938092,0.0,0.0,1.064083435963596,1.0707764628434346,0.029383777685209667,0.0,0.0,1.9859202201235675,0.0,0.0,1.571825249040829,0.0,0.0,0.021189299069938092,1.2255677134394711,0.012837224705172217
09H002,0.515873843711679,0.0,0.0,1.2926990030439298,1.266936911159173,0.0,0.0,0.0,2.007662446537276,0.0,0.0,1.5926208213219823,0.03342375548694973,0.0,0.0,0.18752072083646307,0.056904851336472634
09H005,0.06818586174616162,0.0,0.0,0.9084850188786497,1.1936810295412816,0.0,0.0,0.0,2.090716448481099,0.0,0.0,1.458939861890326,0.008600171761917567,0.0,0.0,0.49692964807321494,0.021189299069938092
09H008,0.01703333929878037,0.0,0.0,1.2387985627139169,1.1169396465507557,0.0,0.0,0.0,1.887335930399167,0.0,0.0,1.6204483847117088,0.008600171761917567,0.0,0.04139268515822507,0.5587085705331657,0.021189299069938092
09H010,0.1367205671564068,0.0,0.0,1.0515383905153275,0.9698816437464999,0.0,0.0,0.0,1.9824973691977124,0.0,0.0,1.6375897858386999,0.0,0.0,0.0,1.2195845262142546,0.1430148002540951
09H013,0.056904851336472634,0.0,0.0,1.0261245167454502,0.9717395908877782,0.0,0.0,0.0,1.8933178116161118,0.0,0.0,1.5579881482249132,0.021189299069938092,0.0,0.029383777685209667,0.6655809910179531,0.02530586526477026
09H015,0.5976951859255123,0.0,0.0,1.1550322287909702,1.1476763242410988,0.0,0.0,0.0,1.7866094726486599,0.0,0.0,1.5744942682853276,0.008600171761917567,0.0,0.03342375548694973,0.8463371121298052,0.07188200730612536
09H016,0.3384564936046048,0.0,0.0,1.2076343673889616,1.3197304943302246,0.06069784035361165,0.0,0.0,2.1217895688592967,0.0,0.0,1.6447339274471926,0.0,0.0,0.021189299069938092,0.5740312677277188,0.12385164096708583
09H018,0.43136376415898736,0.0,0.0,1.2016701796465816,1.0737183503461227,0.0,0.0,0.0,2.1009905230699646,0.0,0.0,1.8977919819392246,0.008600171761917567,0.0,0.0,0.8457180179666586,0.04921802267018165
09H022,0.3944516808262163,0.0,0.0,1.2622137054764169,1.286231854028553,0.02530586526477026,0.0,0.0,2.0638585488530716,0.0,0.0,1.6884198220027105,0.03342375548694973,0.0,0.01703333929878037,0.8842287696326039,0.10380372095595687
09H024,0.012837224705172217,0.0,0.0,1.1482940974347458,1.3291944150884512,0.0,0.0,0.0,2.016531940957265,0.0,0.0,1.5333907080175513,0.0,0.0,0.012837224705172217,0.5786392099680724,0.0
09H031,0.17897694729316943,0.0,0.0,0.9758911364017928,0.8202014594856403,0.0,0.0,0.0,1.8784643453414689,0.0,0.0,1.5780658838360915,0.012837224705172217,0.0,0.012837224705172217,0.7795964912578245,0.029383777685209667
09H032,0.18184358794477254,0.0,0.0,1.0153597554092142,1.012415374762433,0.029383777685209667,0.0,0.0,2.145755623637207,0.0,0.0,1.6220066730068048,0.021189299069938092,0.0,0.0,1.0064660422492318,0.04532297878665747
09H035,0.39093510710337914,0.0,0.0,1.1562461903973444,1.4862887609605664,0.0,0.0,0.0,2.068556895072363,0.0,0.0,1.679246145413859,0.021189299069938092,0.1846914308175988,0.08635983067474821,0.6063813651106049,0.06445798922691845
09H040,0.5634810853944107,0.0,0.0,1.1766699326681496,1.1708482036433094,0.0,0.0,0.0,2.118892725373622,0.0,0.0,1.7190825739014859,0.07554696139253074,0.0,0.04139268515822507,0.6263403673750424,0.13987908640123647
09H042,0.10720996964786837,0.0,0.0,0.9385197251764918,0.890979596989689,0.0,0.0,0.0,1.8309733973226505,0.0,0.0,1.2884728005997825,0.0,0.0,0.01703333929878037,0.45636603312904306,0.02530586526477026
09H043,0.7881683711411677,0.0,0.0,1.0784568180532925,1.2143138974243997,0.02530586526477026,0.0,0.0,2.1788331173591167,0.056904851336472634,0.0,1.7434313651466837,0.0,0.0,0.01703333929878037,0.7520484478194386,0.01703333929878037
09H045,0.6242820958356683,0.0,0.0,0.951823035315912,0.7355988996981799,0.02530586526477026,0.0,0.0,1.8023631743095474,0.0,0.0,1.7410727723733215,0.01703333929878037,0.0,0.0,0.5065050324048721,0.11058971029924897
09H046,0.5998830720736879,0.0,0.0,1.2452658394574612,1.1658376246901283,0.0,0.0,0.012837224705172217,2.121559844187501,0.0,0.0,1.7190825739014859,0.029383777685209667,0.0,0.012837224705172217,0.7979596437371961,0.2671717284030138
09H048,0.4742162640762552,0.0,0.0,1.1911714557285586,1.0835026198302673,0.029383777685209667,0.0,0.012837224705172217,1.9482172935599706,0.0,0.0,1.6709876030100341,0.01703333929878037,0.0,0.01703333929878037,0.7611758131557314,0.24054924828259971
09H053,0.28103336724772754,0.0,0.0,0.8915374576725645,1.089551882886454,0.04532297878665747,0.0,0.0,1.9896722476238733,0.0,0.0,1.487279816443069,0.0,0.0,0.012837224705172217,0.5105450102066121,0.004321373782642578
09H054,0.41161970596323016,0.0,0.0,1.4316853446860118,1.1072099696478683,0.08278537031645007,0.0,0.0,1.9091279419892608,0.0,0.0,1.797682934914899,0.01703333929878037,0.0,0.029383777685209667,0.9523080096621253,0.13987908640123647
09H057,0.0,0.0,0.0,0.0,1.6637009253896482,0.11058971029924897,0.0,0.0,2.469306445431168,0.0,0.0,0.0,0.10380372095595687,0.0,0.11058971029924897,0.0,0.0
09H058,0.20139712432045143,0.0,0.0,1.255995726722402,1.0318122713303703,0.0,0.0,0.0,1.907034952483417,0.0,0.0,1.5441921107650325,0.012837224705172217,0.0,0.0,0.791690649020118,0.23552844690754893
09H062,0.42488163663106704,0.0,0.0,0.9809119377768436,1.1986570869544226,0.0,0.0,0.0,2.0796876276113365,0.0,0.0,1.34143452457814,0.0,0.0,0.0,0.6937269489236468,0.008600171761917567
09H066,0.42975228000240795,0.0,0.004321373782642578,1.0962145853464051,0.639486489268586,0.06069784035361165,0.0,0.0,1.8927622346158168,0.0,0.0,1.4902394852462872,0.029383777685209667,0.0,0.0,0.6919651027673603,0.12710479836480765
09H073,0.2787536009528289,0.0,0.0,1.1149444157125847,1.290257269394518,0.021189299069938092,0.0,0.0,1.9359604689891665,0.0,0.0,1.6600112212893308,0.008600171761917567,0.3384564936046048,0.0,0.5646660642520893,0.012837224705172217
09H078,0.15228834438305647,0.0,0.0,1.0916669575956846,1.000867721531227,0.0,0.0,0.0,2.097604328874411,0.250420002308894,0.0,1.7479553069067297,0.008600171761917567,0.0,0.0,0.290034611362518,0.012837224705172217
09H079,0.04921802267018165,0.0,0.0,1.2079035303860517,0.8438554226231612,0.0,0.012837224705172217,0.0,2.017409008536211,0.0,0.0,1.6628522332647961,0.008600171761917567,0.0,0.0,0.7737864449811935,0.2304489213782739
09H083,0.21748394421390624,0.004321373782642578,0.0,1.3543005623453597,1.3027637084729817,0.0,0.0,0.0,2.1128060172668848,0.0,0.0,1.8796692056320534,0.04139268515822507,0.0,0.029383777685209667,0.7589118923979735,0.11394335230683678
09H084,0.3096301674258988,0.0,0.0,1.2655253352190738,1.1344958558346736,0.0,0.0,0.0,1.9232440186302764,0.0,0.0,1.865932668193186,0.008600171761917567,0.0,0.0,0.8561244442423004,0.07188200730612536
09H088,0.0,0.0,0.0,0.0,1.7531232446817127,0.0,0.0,0.0,2.525394694444774,0.0,0.0,0.0,0.0,0.0,0.320146286111054,0.0,0.0
09H090,0.4329692908744057,0.0,0.0,1.4792873164761702,1.4500950758716025,0.05307844348341968,0.0,0.0,2.0352696000994364,0.0,0.0,1.7548832282521676,0.02530586526477026,0.0,0.03342375548694973,0.9618954736678504,0.24797326636180664
09H094,0.44404479591807633,0.0,0.0,1.2624510897304295,1.3144992279731516,0.0,0.0,0.0,2.0158206342620693,0.0,0.0,1.5991185650553628,0.06818586174616162,0.0,0.0,0.8182258936139555,0.14921911265537988
09H098,0.1205739312058499,0.0,0.0,1.0849335749367162,0.9947569445876281,0.02530586526477026,0.0,0.0,1.9371165107670538,0.0,0.0,1.780677274433368,0.008600171761917567,0.0,0.0,0.5854607295085006,0.05307844348341968
09H111,0.012837224705172217,0.0,0.0,1.3130231103232382,1.3147096929551738,0.10037054511756291,0.0,0.0,1.9661886809561373,0.0,0.0,1.6637951222194076,0.008600171761917567,0.0,0.01703333929878037,0.48144262850230496,0.008600171761917567
09H113,0.47712125471966244,0.0,0.0,1.450557009418329,1.390405156480081,0.0,0.0,0.0,2.047119038720181,0.0,0.0,1.7719547489639491,0.04921802267018165,0.0,0.0,0.8221680793680175,0.24551266781414982
09H115,0.31806333496276157,0.0,0.0,1.355643050220869,1.2638726768652235,0.0,0.0,0.0,2.0668475109738993,0.0,0.0,1.699577591398909,0.0,0.0,0.021189299069938092,0.6263403673750424,0.029383777685209667
09H119,0.3010299956639812,0.0,0.0,1.011993114659257,1.4393326938302626,0.0,0.0,0.0,2.1565794358045736,0.0,0.0,1.555578072772955,0.008600171761917567,0.0,0.0,0.5943925503754267,0.04139268515822507
10H001,0.6473829701146198,0.0,0.0,1.049605612594973,0.8273692730538252,0.02530586526477026,0.0,0.0,1.7975445143617264,0.0,0.0,1.4680517914542377,0.008600171761917567,0.0,0.029383777685209667,0.6875289612146344,0.06069784035361165
10H007,0.10037054511756291,0.0,0.0,1.131297796597623,1.1975562131535364,0.0,0.0,0.0,2.000173683058465,0.0,0.0,1.6327608884794387,0.029383777685209667,0.0,0.02530586526477026,0.6893088591236203,0.10380372095595687
10H008,0.4471580313422192,0.0,0.0,1.229425847920695,1.2011238972073794,0.04532297878665747,0.0,0.0,2.0855403060369477,0.0,0.0,1.6916118742144164,0.03742649794062367,0.0,0.0,0.5622928644564746,0.10037054511756291
10H017,0.03742649794062367,0.0,0.008600171761917567,1.3754807146185724,1.3248994970523134,0.04921802267018165,0.0,0.0,2.0542682395471874,0.0,0.0,1.7092699609758308,0.0,0.0,0.01703333929878037,0.4487063199050799,0.03742649794062367
10H022,0.24303804868629442,0.0,0.008600171761917567,1.0599418880619547,1.2314695904306814,0.0,0.0,0.0,2.0511525224473814,0.0,0.0,1.8869980456710993,0.06818586174616162,0.0,0.0,0.6532125137753437,0.06818586174616162
10H023,0.615950051656401,0.0,0.0,1.0519239160461065,1.4282968139828796,0.07188200730612536,0.0,0.0,2.0788191830988487,0.0,0.0,1.5441921107650325,0.01703333929878037,0.0,0.02530586526477026,0.557507201905658,0.03342375548694973
10H026,0.03342375548694973,0.0,0.0,1.229425847920695,1.2540644529143379,0.0,0.0,0.0,1.9675479762188621,0.0,0.0,1.7376696273566419,0.01703333929878037,0.0,0.0,0.5865873046717549,0.021189299069938092
10H030,0.13353890837021748,0.0,0.0,1.1696744340588068,0.9717395908877782,0.0,0.0,0.0,2.033383541173119,0.0,0.0,1.6778805815115905,0.04921802267018165,0.0,0.03342375548694973,0.5587085705331657,0.08278537031645007
10H031,0.08990511143939793,0.0,0.0,1.2201080880400552,1.1061908972634154,0.0,0.0,0.0,1.8740177038621861,0.0,0.0,1.5816083660320575,0.0,0.0,0.13353890837021748,0.8356905714924255,0.05307844348341968
10H038,0.2764618041732442,0.0,0.0,1.1495270137543478,0.9845273133437926,0.04139268515822507,0.0,0.0,2.013132276046003,0.0,0.0,1.5420781463356257,0.029383777685209667,0.0,0.012837224705172217,0.8709888137605752,0.21748394421390624
10H040,0.12710479836480765,0.0,0.0,1.2600713879850747,0.9009130677376691,0.029383777685209667,0.012837224705172217,0.0,1.9139197649514659,0.0,0.0,1.7299742856995557,0.0,0.0,0.01703333929878037,0.7558748556724915,0.16136800223497488
10H046,0.5390760987927766,0.0,0.0,1.2957869402516093,1.1179338350396415,0.03342375548694973,0.0,0.0,1.8774289407882196,0.0,0.0,1.8481891169913987,0.03342375548694973,0.5477747053878226,0.03342375548694973,0.6646419755561255,0.04921802267018165
10H048,0.35602585719312274,0.0,0.0,1.294466226161593,1.1014033505553307,0.0,0.0,0.0,1.891648943870559,0.0,0.0,1.6759615496421694,0.012837224705172217,0.0,0.06445798922691845,0.7803173121401513,0.30749603791321295
10H051,0.49968708261840383,0.0,0.0,1.2253092817258628,1.0060379549973173,0.0,0.0,0.0,1.9263424466256551,0.0,0.0,1.7909181952145783,0.0,0.0,0.04532297878665747,0.7267272090265723,0.06069784035361165
10H055,0.04532297878665747,0.0,0.0,1.0644579892269186,0.7512791039833423,0.0,0.0,0.0,2.089905111439398,0.0,0.0,1.677241845946654,0.0,0.0,0.0,1.0338256939533104,0.01703333929878037
10H056,0.5185139398778874,0.0,0.0,0.8591382972945308,1.0382226383687185,0.0,0.0,0.0,1.9627953698572331,0.0,0.0,1.5322446436265822,0.0,0.0,0.0,0.3521825181113625,0.05307844348341968
10H058,0.008600171761917567,0.0,0.0,0.8475726591421122,1.0354297381845483,0.0,0.0,0.0,2.0358698136955526,0.0,0.0,1.5059635180181261,0.008600171761917567,0.0,0.0,0.6830470382388496,0.0
10H059,0.10037054511756291,0.0,0.0,0.9339931638312423,1.0409976924234905,0.01703333929878037,0.0,0.0,2.0705550158350317,0.0,0.0,1.539577883345309,0.02530586526477026,0.5314789170422551,0.021189299069938092,0.47275644931721233,0.02530586526477026
10H063,0.5843312243675307,0.0,0.0,1.2304489213782739,1.1395642661758498,0.021189299069938092,0.0,0.0,1.839037873388306,0.0,0.0,1.7462448717201982,0.004321373782642578,0.0,0.02530586526477026,0.7185016888672743,0.11058971029924897
10H066,0.16731733474817606,0.0,0.0,1.824125833916549,0.9009130677376691,0.0,0.0,0.0,1.9112108931375533,0.0,0.0,2.5517914436436695,0.021189299069938092,0.0,0.0,0.4593924877592308,0.05307844348341968
10H068,0.20951501454263097,0.0,0.0,1.335858911319818,1.2054750367408908,0.05307844348341968,0.0,0.0,1.9710437918360286,0.0,0.0,1.7756104480063608,0.008600171761917567,0.0,0.06445798922691845,0.9057958803678685,0.06818586174616162
10H070,0.3873898263387294,0.0,0.0,1.3304137733491908,0.8215135284047732,0.02530586526477026,0.0,0.0,2.024157154459673,0.0,0.0,1.4569730136358179,0.07918124604762482,0.0,0.04532297878665747,0.7355988996981799,0.17318626841227402
10H072,0.09342168516223506,0.0,0.0,1.2227164711475833,1.2778383330020475,0.0,0.0,0.0,2.005395031886706,0.0,0.0,1.9349022583223139,0.029383777685209667,0.0,0.03342375548694973,0.4329692908744057,0.008600171761917567
10H078,0.01703333929878037,0.0,0.0,1.1846914308175989,1.1580607939366052,0.0,0.0,0.0,1.8908120989551245,0.0,0.0,1.5130843604651443,0.008600171761917567,0.0,0.07918124604762482,0.658964842664435,0.012837224705172217
10H089,0.1643528557844371,0.0,0.0,1.299725153975637,0.921686475483602,0.03342375548694973,0.0,0.0,1.9621324692982354,0.0,0.0,1.8449118739121406,0.03742649794062367,0.0,0.008600171761917567,0.8893017025063104,0.1205739312058499
10H092,0.651278013998144,0.0,0.0,1.1723109685219542,1.0043213737826426,0.12385164096708583,0.0,0.0,1.977311973396926,0.0,0.0,1.4321672694425882,0.04532297878665747,0.0,0.0,0.8129133566428556,0.07918124604762482
10H095,0.4712917110589386,0.004321373782642578,0.0,1.4500950758716025,1.3038437748886544,0.06445798922691845,0.0,0.0,2.0549575960124065,0.0,0.0,1.787814567063023,0.04139268515822507,0.0,0.04139268515822507,0.8228216453031046,0.12710479836480765
10H101,0.16731733474817606,0.0,0.0,1.3624824747511743,1.1622656142980214,0.0,0.0,0.0,1.991757539534348,0.0,0.0,1.7352794480604568,0.04139268515822507,0.0,0.01703333929878037,0.7176705030022621,0.290034611362518
10H106,0.03742649794062367,0.0,0.0,1.2022157758011316,1.290257269394518,0.029383777685209667,0.0,0.0,2.2089785172762535,0.0,0.0,1.578180609627778,0.01703333929878037,0.0,0.03742649794062367,0.7275412570285564,0.1367205671564068
10H107,0.26007138798507473,0.0,0.0,1.3384564936046048,1.266701966884088,0.01703333929878037,0.0,0.0,2.146128035678238,0.0,0.0,1.738225448142505,0.012837224705172217,0.0,0.021189299069938092,0.6910814921229684,0.06069784035361165
10H109,0.8937617620579434,0.0,0.0,1.176958980586908,1.5405797165044544,0.03342375548694973,0.0,0.0,1.9585638832219674,0.0,0.0,1.613418945034573,0.012837224705172217,0.0,0.07918124604762482,0.967079734144497,0.28103336724772754
10H110,0.2787536009528289,0.0,0.0,0.9813655090785444,1.1646502159342966,0.021189299069938092,0.0,0.0,1.9935684827897275,0.0,0.0,1.5542468081661105,0.008600171761917567,0.0,0.0,0.4899584794248346,0.04921802267018165
10H115,0.4132997640812518,0.0,0.0,1.235528446907549,1.0806264869218056,0.0,0.0,0.0,1.9993045723383487,0.0,0.0,1.7421750432236771,0.07918124604762482,0.0,0.0,0.7176705030022621,0.06818586174616162
10H119,0.30319605742048883,0.0,0.0,1.0888445627270043,1.0394141191761372,0.0,0.0,0.0,2.05869168281923,0.0,0.0,1.666049738480516,0.01703333929878037,0.0,0.0,0.5921767573958667,0.08990511143939793
10H127,0.17609125905568124,0.0,0.0,1.0588054866759067,1.3653007486379873,0.029383777685209667,0.0,0.0,2.1957336482732113,0.07188200730612536,0.0,1.4917817755841658,0.012837224705172217,0.0,0.0,0.7092699609758307,0.012837224705172217
10H130,0.24303804868629442,0.0,0.0,1.213517756996305,0.7626785637274363,0.0,0.0,0.0,2.002943206876325,0.0,0.0,1.6145808669974862,0.02530586526477026,0.0,0.04532297878665747,0.5352941200427705,0.09691001300805642
10H136,0.11727129565576427,0.0,0.0,1.1373541113707328,0.8943160626844384,0.0,0.0,0.0,1.858115932190066,0.0,0.0,1.6245914591268478,0.08635983067474821,0.0,0.01703333929878037,0.7909884750888159,0.17318626841227402
10H166,0.36548798489089973,0.0,0.0,1.1458177144918276,1.084576277934331,0.0,0.0,0.0,1.966376423088923,0.0,0.0,1.615318656611479,0.03742649794062367,0.0,0.0,0.7185016888672743,0.012837224705172217
10H173,0.32633586092875144,0.0,0.0,1.374381698050882,1.2844307338445196,0.0,0.0,0.0,2.086324231307385,0.0,0.0,1.421768401206924,0.02530586526477026,0.0,0.02530586526477026,0.5797835966168101,0.06069784035361165
10H174,0.3873898263387294,0.0,0.0,1.1189257528257768,1.1528995963937474,0.0,0.0,0.0,1.9415114326344032,0.0,0.0,1.429752280002408,0.05307844348341968,0.0,0.0,0.5171958979499743,0.06069784035361165
11H002,0.3443922736851107,0.0,0.0,1.1433271299920464,1.2043913319192996,0.03742649794062367,0.0,0.0,1.8866035142867124,0.0,0.0,1.7298125071609356,0.01703333929878037,0.0,0.0,0.5705429398818975,0.056904851336472634
11H006,0.07918124604762482,0.0,0.0,1.184123354239671,1.2489536154957075,0.029383777685209667,0.0,0.0,2.1219207855630375,0.0,0.0,1.7150836706949273,0.0,0.0,0.0,0.5910646070264992,0.012837224705172217
11H009,0.6190933306267428,0.0,0.0,1.0902580529313164,0.8662873390841949,0.04532297878665747,0.0,0.0,1.9785457004627387,0.05307844348341968,0.0,1.6126779183165019,0.0,0.0,0.056904851336472634,0.8802417758954804,0.09691001300805642
11H010,0.7656685547590141,0.0,0.0,1.246498580795801,1.1550322287909702,0.029383777685209667,0.0,0.029383777685209667,1.9421073089893555,0.0,0.0,1.5537616983900042,0.08990511143939793,0.0,0.03742649794062367,0.8992731873176038,0.26481782300953643
11H014,0.1430148002540951,0.0,0.0,1.2844307338445196,0.9237619608287003,0.02530586526477026,0.0,0.0,1.9436923271060167,0.0,0.0,1.7134065321676908,0.029383777685209667,0.0,0.0,0.8426092396105621,0.021189299069938092
11H017,0.35410843914740087,0.0,0.0,0.9973863843973133,1.0314084642516241,0.04139268515822507,0.0,0.0,1.9854713832895876,0.0,0.0,1.717670503002262,0.008600171761917567,0.0,0.0,0.47275644931721233,0.008600171761917567
11H021,0.5954962218255742,0.0,0.0,1.1586639808139894,0.8721562727482928,0.0,0.0,0.0,1.8149131812750738,0.0,0.0,1.6123599479677744,0.04139268515822507,0.0,0.06818586174616162,0.6364878963533654,0.146128035678238
11H022,0.2671717284030138,0.0,0.0,0.9434945159061027,0.8530895298518655,0.021189299069938092,0.0,0.0,1.8316778491914667,0.0,0.0,1.4568213480215986,0.008600171761917567,0.0,0.012837224705172217,0.6344772701607316,0.07918124604762482
11H027,0.06818586174616162,0.0,0.0,1.0047511555910011,1.0346284566253203,0.01703333929878037,0.0,0.0,1.9424049408561066,0.0,0.0,1.3402457615679317,0.02530586526477026,0.6972293427597176,0.0,0.5740312677277188,0.01703333929878037
11H035,0.6730209071288962,0.0,0.0,1.290479813330673,1.4708513245261177,0.0,0.0,0.0,1.9418094730088382,0.0,0.0,1.6557145496187098,0.021189299069938092,0.0,0.0,0.9299295600845878,0.271841606536499
11H043,0.22788670461367355,0.0,0.0,0.8633228601204559,0.8739015978644614,0.04139268515822507,0.0,0.0,1.8510748052288868,0.0,0.0,1.4602963267574753,0.008600171761917567,0.0,0.012837224705172217,0.5132176000679389,0.07918124604762482
11H044,0.5276299008713387,0.0,0.0,1.1082266563749286,1.2942457161381182,0.0,0.0,0.0,2.1612781389077096,0.0,0.0,1.93379088414342,0.04532297878665747,0.0,0.0,0.7160033436347992,0.09691001300805642
11H058,0.5693739096150459,0.0,0.0,1.0648322197385738,1.1395642661758498,0.021189299069938092,0.0,0.0,1.9797759327296856,0.0,0.0,1.7224693858840308,0.0,0.41161970596323016,0.0,0.7535830588929066,0.07554696139253074
11H072,0.2304489213782739,0.0,0.0,1.1427022457376157,1.0453229787866574,0.0,0.0,0.0,1.9390197764486665,0.0,0.0,1.5441921107650325,0.02530586526477026,0.0,0.0,0.7315887651867387,0.24303804868629442
11H083,0.3344537511509309,0.0,0.0,1.1892094895823062,1.030599721965951,0.0,0.0,0.0,1.9653898702151222,0.0,0.0,1.545307116465824,0.03742649794062367,0.0,0.0,0.7752462597402364,0.07918124604762482
11H095,0.012837224705172217,0.0,0.0,0.8494194137968993,0.9890046156985368,0.0,0.0,0.0,1.8332108802826088,0.0,0.0,1.7042363373087877,0.0,0.0,0.0,1.1283992687178064,0.012837224705172217
11H097,0.06069784035361165,0.0,0.0,1.2907022432878543,1.2857822737793947,0.0,0.0,0.012837224705172217,2.0423392045635507,0.0,0.0,1.699577591398909,0.008600171761917567,0.0,0.0,0.7737864449811935,0.08990511143939793
11H103,0.1846914308175988,0.0,0.0,1.1772478362556233,1.2949069106051925,0.0,0.0,0.0,2.122772729138599,0.0,0.0,1.6367886890343748,0.01703333929878037,0.0,0.0,0.2528530309798932,0.0
11H104,0.07554696139253074,0.0,0.0,0.8609366207000937,0.9041743682841635,0.07188200730612536,0.0,0.0,1.8760445502460952,0.0,0.0,1.4396484295634737,0.0,0.0,0.03742649794062367,0.7185016888672743,0.09342168516223506
11H107,0.4756711883244297,0.0,0.0,1.1351326513767748,1.0881360887005513,0.0,0.0,0.0,2.0997496808489875,0.0,0.0,1.5995555909859804,0.02530586526477026,0.436162647040756,0.0,0.6972293427597176,0.1367205671564068
11H127,0.5932860670204572,0.0,0.0,1.3123889493705918,1.236033147117636,0.03342375548694973,0.0,0.0,2.1598377910711073,0.0,0.0,1.97285055584723,0.021189299069938092,0.0,0.0,0.7759743311293691,0.16731733474817606
11H129,0.04532297878665747,0.004321373782642578,0.0,0.9537596917332287,0.320146286111054,0.0,0.0,0.0,1.4740705032150436,0.0,0.0,1.5519376953648372,0.0,0.5563025007672873,0.0,0.1931245983544616,0.0
11H135,0.983175072037813,0.0,0.0,1.307282047033346,0.9754318085092629,0.0,0.0,0.0,2.100129203359808,0.0,0.0,2.0930713063760633,0.008600171761917567,0.0,0.01703333929878037,0.6946051989335688,0.05307844348341968
11H140,0.5314789170422551,0.0,0.0,1.3228392726863212,0.7759743311293691,0.05307844348341968,0.0,0.0,2.1905837959771786,0.03342375548694973,0.0,1.631443769013172,0.0,0.0,0.01703333929878037,0.37657695705651195,0.06818586174616162
11H142,0.829303772831025,0.0,0.0,1.2412973871099933,1.165244326125311,0.06445798922691845,0.0,0.0,2.0594876842744467,0.0,0.0,1.6139474767803497,0.0,0.0,0.0,1.1218879851036812,0.11058971029924897
11H145,0.9934362304976116,0.0,0.0,1.2278867046136734,1.2046625117482188,0.029383777685209667,0.0,0.0,2.263020283104046,0.0,0.0,1.9090744014009042,0.008600171761917567,0.0,0.01703333929878037,0.5670263661590604,0.09691001300805642
11H151,0.3159703454569178,0.0,0.0,1.2060158767633447,0.631443769013172,0.04139268515822507,0.0,0.0,1.89148170383952,0.0,0.0,1.7438232216037504,0.0,0.0,0.03742649794062367,0.8382192219076258,0.03342375548694973
11H157,0.6211762817750351,0.0,0.0,1.118595365223762,0.8394780473741984,0.021189299069938092,0.0,0.0,2.015862508097314,0.0,0.0,1.6061663146076206,0.029383777685209667,0.0,0.0,0.952792443044092,0.17609125905568124
11H160,0.13987908640123647,0.0,0.0,1.2487087356009179,1.3081373786380386,0.0,0.0,0.0,2.106734700097846,0.0,0.0,1.7541953881898384,0.01703333929878037,0.0,0.03742649794062367,0.541579243946581,0.01703333929878037
11H170,0.5877109650189114,0.0,0.0,1.2631624649622166,1.1917303933628562,0.0,0.0,0.0,1.9502674680135885,0.0,0.0,1.758306181725307,0.0,0.0,0.0,0.9571281976768131,0.17897694729316943
11H175,0.056904851336472634,0.0,0.0,1.1682027468426308,1.3102683666324475,0.02530586526477026,0.0,0.0,2.1414497734004674,0.0,0.0,1.7613263224214566,0.04139268515822507,0.0,0.01703333929878037,0.8943160626844384,0.029383777685209667
11H179,0.20682587603184968,0.0,0.0,0.9459607035775686,0.7339992865383869,0.021189299069938092,0.0,0.0,1.899382705533265,0.0,0.0,1.5451833682154061,0.012837224705172217,0.0,0.012837224705172217,0.639486489268586,0.1367205671564068
11H186,0.0,0.0,0.0,1.544811911757776,1.7427251313046983,0.0,0.0,0.0,2.5881035603027427,0.0,0.0,0.0,0.0,0.0,0.0,0.0,0.07188200730612536
11H205,0.13987908640123647,0.0,0.0,1.1389339402569236,1.0346284566253203,0.0,0.0,0.0,2.151400498035618,0.01703333929878037,0.0,2.1399420230699797,0.0,0.0,0.008600171761917567,0.4099331233312946,0.03342375548694973
11H217,0.20682587603184968,0.0,0.0,1.2148438480476977,0.639486489268586,0.04921802267018165,0.0,0.0,1.8801273222166248,0.0,0.0,1.8888531669829363,0.06445798922691845,0.0,0.0,0.5538830266438743,0.18752072083646307
11H231,0.43136376415898736,0.0,0.0,1.2049335223541449,1.1439511164239635,0.0,0.0,0.0,2.032376971209936,0.0,0.0,1.556905269055448,0.021189299069938092,0.0,0.029383777685209667,0.8603380065709937,0.04139268515822507
11H232,0.1367205671564068,0.0,0.0,1.1489109931093564,0.756636108245848,0.0,0.0,0.0,1.7460111077519258,0.0,0.0,1.6032526619816467,0.08635983067474821,0.0,0.01703333929878037,0.9890046156985368,0.06445798922691845
11H234,0.46834733041215726,0.0,0.008600171761917567,1.0780941504064108,1.1908917169221696,0.021189299069938092,0.0,0.0,2.1136760118971,0.0,0.0,1.5409548089261327,0.01703333929878037,0.0,0.029383777685209667,0.7788744720027395,0.06069784035361165
11H240,0.37657695705651195,0.0,0.0,1.1740598077250255,1.5556988947189014,0.029383777685209667,0.0,0.0,2.0798321996772198,0.0,0.0,1.6681994841986618,0.012837224705172217,0.0,0.0,0.6910814921229684,0.10037054511756291
12H007,0.26245108973042947,0.0,0.012837224705172217,1.1149444157125847,0.9585638832219674,0.04921802267018165,0.0,0.0,1.9046614579155245,0.0,0.0,1.5766868052009955,0.02530586526477026,0.0,0.01703333929878037,0.8645110810583918,0.07918124604762482
12H012,0.39619934709573634,0.0,0.0,1.083860800866573,1.286456469746983,0.02530586526477026,0.0,0.0,1.875003353600041,0.0,0.0,1.6960067152185454,0.0,0.0,0.029383777685209667,0.6580113966571124,0.029383777685209667
12H021,0.05307844348341968,0.0,0.0,1.1676126727275302,1.2030328870147107,0.0,0.0,0.0,1.9894943127727092,0.0,0.0,1.6907275438703668,0.0,0.0,0.0,0.8750612633917001,0.08278537031645007
12H033,0.17897694729316943,0.0,0.0,1.3228392726863212,1.567144045195657,0.0,0.0,0.0,2.0755104645244136,0.0,0.0,1.7379079233746386,0.04532297878665747,0.0,0.01703333929878037,0.48855071650044424,0.05307844348341968
12H039,0.08635983067474821,0.0,0.0,1.230959555748569,0.829946695941636,0.0,0.0,0.0,1.8710472613054994,0.0,0.0,1.86840930331496,0.008600171761917567,0.0,0.0,0.75815462196739,0.20951501454263097
12H042,0.09691001300805642,0.0,0.0,1.2224563366792467,0.9552065375419417,0.04532297878665747,0.0,0.0,1.863739107345217,0.0,0.0,1.5386993795424069,0.03342375548694973,0.0,0.012837224705172217,0.9052560487484512,0.35410843914740087
12H044,0.4132997640812518,0.0,0.0,1.1886472959997172,1.2624510897304295,0.07554696139253074,0.0,0.0,2.0457922327295592,0.0,0.0,1.5392015992941277,0.01703333929878037,0.0,0.01703333929878037,0.7387805584843692,0.12710479836480765
12H045,0.24797326636180664,0.0,0.0,1.0386201619497029,1.0666985504229953,0.01703333929878037,0.0,0.0,2.069557104582695,0.0,0.0,1.640481436970422,0.01703333929878037,0.0,0.03342375548694973,0.5289167002776547,0.1553360374650618
12H055,0.012837224705172217,0.0,0.0,1.1961761850399735,1.3979400086720377,0.0,0.0,0.0,2.033906037026688,0.0,0.0,1.5652573434202137,0.04139268515822507,0.0,0.0,0.8169038393756602,0.03742649794062367
12H056,0.39619934709573634,0.0,0.0,0.9991305412873711,1.2562365332059229,0.01703333929878037,0.0,0.0,2.089728533074736,0.0,0.0,1.4581844355702627,0.06445798922691845,0.0,0.0,0.8000293592441343,0.13353890837021748
12H057,0.6031443726201823,0.0,0.0,1.2362852774480284,1.13481437032046,0.04139268515822507,0.0,0.0,1.7489628612561614,0.0,0.0,1.6886867242841235,0.03742649794062367,0.0,0.012837224705172217,0.785329835010767,0.07918124604762482
12H058,0.10037054511756291,0.0,0.0,1.2445245115700838,1.4405942618398309,0.0,0.0,0.0,1.9583249316440532,0.0,0.0,1.8627275283179747,0.0,0.0,0.0,0.5774917998372253,0.06818586174616162
12H067,0.056904851336472634,0.0,0.0,1.1992064791616577,0.8221680793680175,0.0,0.0,0.0,2.2305000118414706,1.7374312005145824,0.0,1.5269850685599957,0.012837224705172217,0.0,0.012837224705172217,0.5563025007672873,0.06069784035361165
12H079,0.6063813651106049,0.0,0.0,1.3404441148401183,1.365862215402555,0.02530586526477026,0.0,0.0,1.8774289407882196,0.0,0.0,1.58489634413745,0.07188200730612536,0.0,0.04532297878665747,0.9513375187959178,0.056904851336472634
12H091,0.271841606536499,0.0,0.0,1.0740846890282438,0.8733206018153987,0.0,0.0,0.0,1.8235394336568589,0.0,0.0,1.5237464668115646,0.008600171761917567,0.0,0.01703333929878037,0.8585371975696391,0.08278537031645007
12H098,0.4014005407815441,0.0,0.0,1.0996806411092501,0.7355988996981799,0.0,0.0,0.0,2.0317315399458264,0.0,0.0,1.5828584622244994,0.04139268515822507,0.1931245983544616,0.0,0.5751878449276611,0.12710479836480765
12H117,0.12385164096708583,0.0,0.0,1.2873537727147464,0.9211660506377387,0.0,0.0,0.0,2.1530828043618317,0.04921802267018165,0.0,1.834738518903841,0.021189299069938092,0.0,0.0,0.5965970956264602,0.029383777685209667
12H124,0.1430148002540951,0.0,0.0,1.0606978403536118,1.1251558295805302,0.0,0.0,0.0,1.9804124616068914,0.0,0.0,1.6308345178280506,0.02530586526477026,0.0,0.0,0.670245853074124,0.008600171761917567
12H139,0.4471580313422192,0.0,0.0,1.137670537236755,1.2314695904306814,0.0,0.0,0.0,2.0957619594775005,0.0,0.0,1.462397997898956,0.0,0.0,0.0,0.7355988996981799,0.10037054511756291
12H149,0.03742649794062367,0.0,0.0,1.0603200286882852,1.1085650237328344,0.04532297878665747,0.0,0.0,2.0027274726898296,0.0,0.0,1.4382258076045296,0.012837224705172217,0.0,0.04139268515822507,0.7450747915820575,0.1367205671564068
12H165,0.5976951859255123,0.0,0.0,1.18440748541232,1.0576661039098292,0.11727129565576427,0.0,0.0,1.933588510196653,0.02530586526477026,0.0,1.5590683340345368,0.0,0.0,0.0,0.725094521081469,0.1367205671564068
12H166,0.20682587603184968,0.0,0.0,1.1395642661758498,0.7737864449811935,0.021189299069938092,0.0,0.0,1.912115729078854,0.0,0.0,1.6947806360120616,0.01703333929878037,0.0,0.0,0.4913616938342727,0.05307844348341968
12H170,0.11058971029924897,0.0,0.0,0.8808135922807914,0.41161970596323016,0.0,0.0,0.0,1.6367886890343748,0.0,0.0,1.8063156698081135,0.0,0.0,0.0,0.4132997640812518,0.03342375548694973
12H171,0.5538830266438743,0.0,0.0,1.1525940779274697,1.1693804953119495,0.04921802267018165,0.0,0.0,2.0198222241677732,0.0,0.0,1.4926207220431917,0.056904851336472634,0.0,0.0,0.8188854145940099,0.1205739312058499
12H173,0.28555730900777376,0.0,0.0,1.1613680022349748,1.3161800988934527,0.021189299069938092,0.0,0.0,2.1213628405633913,0.0,0.0,1.5245259366263757,0.008600171761917567,0.0,0.0,0.7355988996981799,0.004321373782642578
12H175,0.22530928172586287,0.0,0.0,1.2148438480476977,1.2019430634016501,0.01703333929878037,0.0,0.0,2.0830365424119646,0.0,0.0,1.7237018939912678,0.02530586526477026,0.0,0.0,0.9731278535996987,0.10037054511756291
12H176,0.04139268515822507,0.0,0.0,1.3316297176299323,0.8273692730538252,0.029383777685209667,0.0,0.0,1.8805849560649799,0.0,0.0,1.7591388162811665,0.008600171761917567,0.0,0.03342375548694973,0.6074550232146685,0.06069784035361165
12H180,0.32633586092875144,0.0,0.0,1.1225435240687545,0.7419390777291989,0.02530586526477026,0.0,0.0,1.9425536803342098,0.0,0.0,1.4634450317704277,0.02530586526477026,0.0,0.029383777685209667,0.6794278966121188,0.09691001300805642
12H183,0.35024801833416286,0.0,0.0,0.9731278535996987,0.7041505168397991,0.0,0.0,0.0,1.791971201020768,0.0,0.0,1.4958217533859057,0.029383777685209667,0.0,0.029383777685209667,0.5171958979499743,0.03742649794062367
12H195,0.7466341989375788,0.0,0.0,1.189770956346874,1.1772478362556233,0.0,0.0,0.0,2.0358698136955526,0.0,0.0,1.6164755138885656,0.01703333929878037,0.6910814921229684,0.056904851336472634,0.7641761323903307,0.02530586526477026
13H006,0.12710479836480765,0.0,0.0,1.2081725266671217,1.4068806700491248,0.02530586526477026,0.0,0.0,1.9960298284110767,0.0,0.0,1.7193312869837265,0.01703333929878037,0.0,0.03342375548694973,0.615950051656401,0.03342375548694973
13H009,0.4424797690644485,0.0,0.0,1.1351326513767748,1.14705767102836,0.02530586526477026,0.0,0.0,1.863322860120456,0.0,0.0,1.640779477344857,0.01703333929878037,0.0,0.0,0.7084209001347128,0.20951501454263097
13H018,0.17609125905568124,0.0,0.0,1.3119656603683663,1.442009159140952,0.0,0.0,0.0,2.0067654524519924,0.0,0.0,1.7704101315139062,0.0,0.0,0.07554696139253074,0.4927603890268375,0.06818586174616162
13H019,0.04921802267018165,0.0,0.0,1.0170333392987803,1.1728946977521761,0.0,0.0,0.0,1.9700212658283658,0.0,0.0,1.483301952358167,0.012837224705172217,0.0,0.0,0.48287358360875376,0.021189299069938092
13H046,0.2148438480476979,0.0,0.0,1.2172206556445189,1.2926990030439298,0.0,0.0,0.0,2.0448923834743598,0.0,0.0,1.6399842480415885,0.03742649794062367,0.0,0.03342375548694973,0.7715874808812554,0.056904851336472634
13H048,0.07918124604762482,0.0,0.0,1.27600198996205,1.236789099409293,0.0,0.0,0.0,1.8367037990897312,0.0,0.0,1.717670503002262,0.03342375548694973,0.0,0.03342375548694973,0.7656685547590141,0.11727129565576427
13H053,0.10380372095595687,0.0,0.0,1.14921911265538,1.4937368022768398,0.029383777685209667,0.0,0.0,2.005866601875385,0.0,0.0,1.684665864025861,0.008600171761917567,0.0,0.029383777685209667,0.6190933306267428,0.04532297878665747
13H056,0.5658478186735176,0.0,0.0,1.2688119037397805,0.890979596989689,0.0,0.0,0.0,1.924175870301921,0.0,0.0,2.094541001456839,0.0,0.0,0.0,0.951823035315912,0.056904851336472634
13H058,0.146128035678238,0.0,0.0,1.2347702951609165,1.018284308426531,0.07188200730612536,0.0,0.0,1.9795483747040952,0.0,0.0,1.5281450782531065,0.01703333929878037,0.0,0.04532297878665747,0.8762178405916422,0.09342168516223506
13H065,0.36921585741014284,0.0,0.0,1.1789769472931695,0.885926339801431,0.0,0.0,0.0,1.865932668193186,0.0,0.0,1.8818409683249275,0.04139268515822507,0.9523080096621253,0.0,0.9175055095525466,0.34635297445063856
13H066,0.34044411484011833,0.0,0.0,1.0013009330204181,1.3111178426625056,0.03742649794062367,0.0,0.0,2.1111952802071308,0.0,0.0,1.7471009313649861,0.008600171761917567,0.0,0.0,0.4132997640812518,0.04921802267018165
13H071,0.41995574848975786,0.0,0.0,1.2842050677017942,1.1958996524092338,0.0,0.0,0.0,1.9763958366118797,0.0,0.0,1.6729286904427225,0.04532297878665747,0.0,0.0,0.6848453616444125,0.029383777685209667
13H078,0.08635983067474821,0.0,0.0,1.121559844187501,1.458033192496506,0.0,0.0,0.0,2.2640618707178795,0.0,0.0,1.5025636691073634,0.01703333929878037,0.0,0.0,0.6117233080073418,0.05307844348341968
13H080,0.01703333929878037,0.0,0.0,1.2641091563058084,0.7379873263334308,0.021189299069938092,0.0,0.0,1.822037248072585,0.0,0.0,1.5927317663939622,0.02530586526477026,0.0,0.0,0.7831886910752576,0.09691001300805642
13H083,0.2944662261615929,0.0,0.0,1.0128372247051722,1.274619619091238,0.08990511143939793,0.0,0.0,2.1340814374625117,0.0,0.0,1.6597260952377917,0.04139268515822507,0.0,0.0,0.60422605308447,0.01703333929878037
13H100,0.7558748556724915,0.0,0.0,1.1024337056813363,0.9827233876685453,0.02530586526477026,0.0,0.0,1.791480116020001,0.0,0.0,1.8456560599835443,0.029383777685209667,0.0,0.0,0.7596678446896306,0.012837224705172217
13H101,0.271841606536499,0.0,0.0,1.0314084642516241,1.0174507295105362,0.0,0.0,0.0,1.8797264966395772,0.0,0.0,1.521007252408604,0.029383777685209667,0.0,0.008600171761917567,0.631443769013172,0.03342375548694973
13H104,0.03342375548694973,0.0,0.0,1.3390537357091392,1.3248994970523134,0.03342375548694973,0.0,0.0,1.9971241556592045,0.0,0.0,1.650210354660359,0.03342375548694973,0.0,0.0,0.7032913781186614,0.04532297878665747
13H107,0.021189299069938092,0.0,0.0,1.2924775936677841,1.2713768718940746,0.0,0.0,0.0,2.2894997658738565,0.0,0.0,1.8089532991559112,0.02530586526477026,0.0,0.0,0.8135809885681919,0.03742649794062367
13H114,0.17318626841227402,0.0,0.0,1.2137832993353042,1.163757523981956,0.06069784035361165,0.0,0.0,2.0954134644484466,0.0,0.0,1.639187559935754,0.07918124604762482,0.0,0.021189299069938092,0.7331972651065695,0.04532297878665747
13H120,0.2671717284030138,0.0,0.0,1.3066394410242617,1.3038437748886544,0.029383777685209667,0.0,0.0,2.0166991380649715,0.0,0.0,1.6869042695681773,0.021189299069938092,0.0,0.008600171761917567,0.5820633629117087,0.10037054511756291
13H126,0.12710479836480765,0.0,0.0,1.0047511555910011,0.9978230807457255,0.021189299069938092,0.0,0.0,1.963079160641827,0.0,0.0,1.657342736814626,0.021189299069938092,0.0,0.0,0.5932860670204572,0.04532297878665747
13H139,0.4517864355242902,0.0,0.0,1.342817314635733,1.1498346967157849,0.03342375548694973,0.0,0.0,1.9424049408561066,0.0,0.0,1.5912872650584993,0.021189299069938092,0.0,0.0,0.9858753573083936,0.287801729930226
13H140,0.725094521081469,0.0,0.004321373782642578,1.0884904701823963,1.1238516409670858,0.021189299069938092,0.0,0.0,1.9161379831071752,0.0,0.0,1.617734035364018,0.02530586526477026,0.40483371661993806,0.0,0.5502283530550941,0.10037054511756291
13H150,0.45636603312904306,0.0,0.0,1.1199154102579911,0.9289076902439527,0.06445798922691845,0.0,0.0,1.946845113960623,0.0,0.0,1.346548558548474,0.0,0.0,0.029383777685209667,0.8182258936139555,0.06818586174616162
13H158,0.8109042806687004,0.0,0.0,1.0689276116820718,0.9360107957152095,0.0,0.0,0.01703333929878037,1.9635517335740962,0.0,0.0,1.8658735282078147,0.012837224705172217,0.0,0.0,0.8273692730538252,0.1367205671564068
13H159,0.35410843914740087,0.0,0.0,0.7860412102425542,0.7458551951737289,0.0,0.0,0.0,1.8228869478341507,0.0,0.0,1.5386993795424069,0.04532297878665747,0.0,0.0,0.7126497016272113,0.04532297878665747
13H162,0.2764618041732442,0.0,0.0,1.2317243833285165,1.4321672694425882,0.0,0.0,0.0,2.2306277117106323,0.0,0.0,1.5170638734826547,0.0,0.0,0.029383777685209667,0.46089784275654777,0.10720996964786837
13H169,0.12385164096708583,0.0,0.0,0.8518696007297664,0.5010592622177514,0.03742649794062367,0.0,0.0,2.060357824648616,0.0,0.0,1.3434085938038574,0.0,0.0,0.0,0.6009728956867483,0.07554696139253074
13H179,0.10720996964786837,0.0,0.0,1.139249217571607,1.2084413564385674,0.04532297878665747,0.0,0.0,2.2092468487533736,0.0,0.0,1.4533183400470377,0.008600171761917567,0.0,0.04139268515822507,0.5740312677277188,0.09342168516223506
13H185,0.3384564936046048,0.0,0.0,1.2380461031287955,1.3273589343863303,0.0,0.0,0.0,1.9976921179417266,0.0,0.0,1.6722826247889206,0.0,0.0,0.0,0.8356905714924255,0.16136800223497488
13H186,0.4424797690644485,0.0,0.0,1.104145550554008,1.1225435240687545,0.056904851336472634,0.0,0.0,1.955399086639267,0.0,0.0,1.4752352226041283,0.0,0.0,0.0,0.724275869600789,0.02530586526477026
14H001,0.35024801833416286,0.004321373782642578,0.008600171761917567,1.4305587695227575,1.5572665288699041,0.0,0.0,0.0,2.130976691605617,0.0,0.0,1.7339191510123908,0.021189299069938092,0.0,0.012837224705172217,0.8926510338773004,0.10037054511756291
14H007,0.7839035792727349,0.0,0.0,1.2127201544178423,1.2979792441593623,0.0,0.0,0.0,2.0768224233427732,0.0,0.0,1.6028193424326997,0.008600171761917567,0.0,0.0,0.8407332346118067,0.056904851336472634
14H012,0.03742649794062367,0.0,0.0,1.0257153839013406,1.083860800866573,0.0,0.0,0.0,2.104008850999243,0.0,0.0,1.6118294794983736,0.0,0.0,0.0,0.6963563887333322,0.1553360374650618
14H015,0.07554696139253074,0.0,0.0,0.9708116108725178,0.6354837468149122,0.0,0.0,0.0,1.7710727832211948,0.0,0.0,1.5342800052050816,0.004321373782642578,0.0,0.056904851336472634,0.5587085705331657,0.06069784035361165
14H017,0.11727129565576427,0.0,0.0,1.0591846176313713,0.8998205024270962,0.0,0.0,0.0,1.6398847419163043,0.0,0.0,1.5381965783494542,0.01703333929878037,0.7458551951737289,0.008600171761917567,0.5954962218255742,0.1903316981702915
14H018,0.6374897295125107,0.0,0.0,1.1458177144918276,1.4614985267830187,0.021189299069938092,0.0,0.0,2.0402066275747113,0.0,0.0,1.5787537844264345,0.012837224705172217,0.42813479402878873,0.0,0.5634810853944107,0.07188200730612536
14H019,0.2671717284030138,0.0,0.008600171761917567,1.2555137128195333,1.1048284036536553,0.021189299069938092,0.0,0.0,1.9527924430440922,0.0,0.0,1.7278664494674891,0.01703333929878037,0.0,0.0,0.952792443044092,0.43933269383026263
14H020,0.403120521175818,0.0,0.0,1.1931245983544616,1.13481437032046,0.03342375548694973,0.0,0.0,1.8688207061975175,0.0,0.0,1.585799009013001,0.021189299069938092,0.0,0.021189299069938092,0.7708520116421442,0.09691001300805642
14H023,0.4014005407815441,0.0,0.0,1.2889196056617265,0.8325089127062363,0.02530586526477026,0.0,0.0,1.7175040747642019,0.0,0.0,1.6354837468149122,0.0,0.0,0.0,0.6998377258672457,0.04921802267018165
14H031,0.12385164096708583,0.0,0.0,0.8536982117761743,0.9474337218870508,0.0,0.0,0.0,1.8274985081334587,0.0,0.0,1.556905269055448,0.008600171761917567,0.0,0.012837224705172217,0.6117233080073418,0.01703333929878037
14H038,0.568201724066995,0.0,0.0,1.1335389083702174,1.0511525224473812,0.0,0.0,0.0,1.904823699800944,0.0,0.0,1.8942606644469882,0.008600171761917567,0.0,0.0,0.658964842664435,0.01703333929878037
14H071,0.008600171761917567,0.0,0.0,0.5453071164658241,0.2671717284030138,0.0,0.0,0.0,1.2229764498933913,0.0,0.0,1.3729120029701067,0.0,0.22530928172586287,0.0,0.09342168516223506,0.004321373782642578
14H133,0.1430148002540951,0.0,0.0,1.1058506743851435,1.2801228963023075,0.0,0.0,0.0,2.1306553490220304,0.0,0.0,1.7102020146553847,0.012837224705172217,0.0,0.02530586526477026,0.6503075231319365,0.05307844348341968
